VotersAmount,Treshold00Probability,Treshold10Probability,Treshold20Probability,Treshold30Probability,Treshold40Probability,Treshold50Probability,Treshold60Probability,Treshold70Probability,Treshold80Probability,Treshold90Probability,Treshold100Probability,Treshold00AverageVotersAmount,Treshold10AverageVotersAmount,Treshold20AverageVotersAmount,Treshold30AverageVotersAmount,Treshold40AverageVotersAmount,Treshold50AverageVotersAmount,Treshold60AverageVotersAmount,Treshold70AverageVotersAmount,Treshold80AverageVotersAmount,Treshold90AverageVotersAmount,Treshold100AverageVotersAmount
10,0.52,0.53,0.54,0.56,0.57,0.58,0.57,0.58,0.57,0.58,0.58,10.00,9.51,8.44,7.20,6.06,5.01,4.02,3.10,2.35,1.89,1.89
20,0.54,0.54,0.57,0.59,0.60,0.61,0.61,0.61,0.61,0.61,0.61,20.00,19.32,16.88,14.21,12.02,10.00,8.01,6.07,4.44,3.61,3.50
30,0.54,0.55,0.58,0.61,0.62,0.63,0.63,0.64,0.63,0.63,0.63,30.00,29.25,25.27,21.16,18.01,15.00,12.00,9.04,6.50,5.33,5.22
40,0.55,0.56,0.60,0.63,0.64,0.65,0.65,0.66,0.65,0.65,0.65,40.00,39.24,33.60,28.11,24.00,20.00,16.00,12.02,8.53,7.04,6.96
50,0.55,0.56,0.61,0.64,0.66,0.67,0.67,0.68,0.67,0.67,0.67,50.00,49.26,41.91,35.08,30.00,25.00,20.00,15.01,10.55,8.77,8.70
60,0.56,0.57,0.62,0.65,0.67,0.68,0.69,0.69,0.68,0.68,0.68,60.00,59.30,50.11,42.05,36.00,30.00,24.00,18.01,12.57,10.50,10.43
70,0.57,0.57,0.63,0.67,0.69,0.70,0.70,0.71,0.70,0.69,0.69,70.00,69.35,58.30,49.03,42.00,35.00,28.00,21.01,14.57,12.22,12.17
80,0.57,0.57,0.64,0.68,0.70,0.71,0.72,0.72,0.71,0.71,0.71,80.00,79.41,66.46,56.02,48.00,40.00,32.00,24.00,16.57,13.95,13.92
90,0.57,0.58,0.65,0.69,0.71,0.72,0.73,0.73,0.72,0.72,0.72,90.00,89.46,74.62,63.01,54.00,45.00,36.00,27.00,18.58,15.69,15.66
100,0.58,0.58,0.66,0.70,0.72,0.73,0.74,0.74,0.73,0.73,0.73,100.00,99.52,82.75,70.01,60.00,50.00,40.00,30.00,20.57,17.43,17.39
110,0.58,0.59,0.67,0.71,0.73,0.74,0.75,0.76,0.74,0.74,0.74,110.00,109.57,90.85,77.00,66.00,55.00,44.00,33.00,22.57,19.15,19.14
120,0.59,0.59,0.67,0.72,0.74,0.75,0.76,0.76,0.75,0.75,0.75,120.00,119.62,98.89,84.00,72.00,60.00,48.00,36.00,24.56,20.89,20.88
130,0.59,0.59,0.68,0.72,0.75,0.76,0.77,0.77,0.76,0.76,0.76,130.00,129.67,106.94,91.00,78.00,65.00,52.00,39.00,26.55,22.64,22.60
140,0.59,0.60,0.69,0.73,0.75,0.77,0.78,0.78,0.77,0.76,0.77,140.00,139.71,114.97,98.00,84.00,70.00,56.00,42.00,28.55,24.37,24.35
150,0.60,0.60,0.70,0.74,0.76,0.78,0.79,0.79,0.78,0.77,0.77,150.00,149.74,123.01,105.00,90.00,75.00,60.00,45.00,30.54,26.08,26.10
160,0.60,0.60,0.70,0.74,0.77,0.79,0.79,0.79,0.79,0.78,0.78,160.00,159.78,131.02,112.00,96.00,80.00,64.00,48.00,32.54,27.83,27.82
170,0.60,0.60,0.71,0.75,0.77,0.79,0.80,0.80,0.79,0.79,0.79,170.00,169.80,139.06,119.00,102.00,85.00,68.00,51.00,34.52,29.57,29.58
180,0.61,0.61,0.72,0.76,0.78,0.80,0.81,0.81,0.80,0.80,0.80,180.00,179.83,147.05,126.00,108.00,90.00,72.00,54.00,36.52,31.33,31.32
190,0.61,0.61,0.72,0.76,0.79,0.81,0.81,0.82,0.81,0.80,0.80,190.00,189.85,155.05,133.00,114.00,95.00,76.00,57.00,38.51,33.03,33.06
200,0.61,0.61,0.73,0.77,0.79,0.81,0.82,0.82,0.81,0.81,0.81,200.00,199.87,163.00,140.00,120.00,100.00,80.00,60.00,40.49,34.78,34.78
210,0.61,0.62,0.73,0.78,0.80,0.82,0.83,0.83,0.82,0.81,0.81,210.00,209.89,170.98,147.00,126.00,105.00,84.00,63.00,42.48,36.53,36.52
220,0.62,0.62,0.74,0.78,0.81,0.82,0.83,0.83,0.82,0.82,0.82,220.00,219.90,178.97,154.00,132.00,110.00,88.00,66.00,44.48,38.26,38.26
230,0.62,0.62,0.74,0.78,0.81,0.83,0.84,0.84,0.83,0.82,0.82,230.00,229.92,186.97,161.00,138.00,115.00,92.00,69.00,46.47,40.01,40.01
240,0.62,0.62,0.75,0.79,0.82,0.83,0.84,0.84,0.83,0.83,0.83,240.00,239.93,194.86,168.00,144.00,120.00,96.00,72.00,48.46,41.73,41.75
250,0.63,0.62,0.75,0.79,0.82,0.84,0.85,0.85,0.84,0.83,0.83,250.00,249.94,202.86,175.00,150.00,125.00,100.00,75.00,50.45,43.50,43.47
260,0.63,0.63,0.76,0.80,0.83,0.84,0.85,0.85,0.85,0.84,0.84,260.00,259.95,210.82,182.00,156.00,130.00,104.00,78.00,52.44,45.21,45.24
270,0.63,0.63,0.76,0.80,0.83,0.85,0.86,0.86,0.85,0.84,0.85,270.00,269.96,218.75,189.00,162.00,135.00,108.00,81.00,54.43,46.96,46.98
280,0.63,0.63,0.76,0.81,0.83,0.85,0.86,0.86,0.85,0.85,0.85,280.00,279.96,226.72,196.00,168.00,140.00,112.00,84.00,56.42,48.70,48.67
290,0.63,0.63,0.77,0.81,0.84,0.86,0.86,0.87,0.86,0.85,0.85,290.00,289.97,234.64,203.00,174.00,145.00,116.00,87.00,58.41,50.43,50.43
300,0.63,0.64,0.77,0.82,0.84,0.86,0.87,0.87,0.86,0.86,0.85,300.00,299.97,242.64,210.00,180.00,150.00,120.00,90.00,60.40,52.18,52.14
310,0.64,0.64,0.78,0.82,0.85,0.87,0.87,0.88,0.86,0.86,0.86,310.00,309.98,250.54,217.00,186.00,155.00,124.00,93.00,62.39,53.91,53.93
320,0.64,0.64,0.78,0.83,0.85,0.87,0.88,0.88,0.87,0.86,0.86,320.00,319.98,258.46,224.00,192.00,160.00,128.00,96.00,64.39,55.67,55.63
330,0.64,0.64,0.79,0.83,0.86,0.87,0.88,0.88,0.87,0.87,0.87,330.00,329.98,266.38,231.00,198.00,165.00,132.00,99.00,66.37,57.40,57.38
340,0.64,0.64,0.79,0.83,0.86,0.88,0.88,0.89,0.88,0.87,0.87,340.00,339.98,274.38,238.00,204.00,170.00,136.00,102.00,68.37,59.11,59.13
350,0.65,0.65,0.79,0.84,0.86,0.88,0.89,0.89,0.88,0.87,0.88,350.00,349.99,282.36,245.00,210.00,175.00,140.00,105.00,70.36,60.88,60.89
360,0.65,0.65,0.80,0.84,0.87,0.88,0.89,0.89,0.88,0.88,0.88,360.00,359.99,290.29,252.00,216.00,180.00,144.00,108.00,72.35,62.62,62.63
370,0.65,0.65,0.80,0.84,0.87,0.89,0.89,0.90,0.89,0.88,0.88,370.00,369.99,298.27,259.00,222.00,185.00,148.00,111.00,74.35,64.32,64.33
380,0.65,0.65,0.80,0.85,0.87,0.89,0.90,0.90,0.89,0.88,0.88,380.00,379.99,306.20,266.00,228.00,190.00,152.00,114.00,76.33,66.10,66.11
390,0.65,0.65,0.81,0.85,0.87,0.89,0.90,0.90,0.89,0.89,0.89,390.00,389.99,314.10,273.00,234.00,195.00,156.00,117.00,78.33,67.87,67.83
400,0.66,0.65,0.81,0.85,0.88,0.89,0.90,0.91,0.90,0.89,0.89,400.00,399.99,322.06,280.00,240.00,200.00,160.00,120.00,80.32,69.57,69.54
410,0.66,0.66,0.81,0.85,0.88,0.90,0.91,0.91,0.90,0.89,0.89,410.00,409.99,329.97,287.00,246.00,205.00,164.00,123.00,82.31,71.30,71.32
420,0.66,0.66,0.81,0.86,0.88,0.90,0.91,0.91,0.90,0.90,0.90,420.00,420.00,337.91,294.00,252.00,210.00,168.00,126.00,84.30,73.09,73.05
430,0.66,0.66,0.82,0.86,0.88,0.90,0.91,0.91,0.90,0.90,0.90,430.00,430.00,345.86,301.00,258.00,215.00,172.00,129.00,86.30,74.81,74.83
440,0.66,0.66,0.82,0.86,0.89,0.91,0.91,0.91,0.91,0.90,0.90,440.00,440.00,353.80,308.00,264.00,220.00,176.00,132.00,88.29,76.57,76.54
450,0.67,0.66,0.83,0.87,0.89,0.91,0.91,0.92,0.91,0.90,0.90,450.00,450.00,361.75,315.00,270.00,225.00,180.00,135.00,90.28,78.25,78.26
460,0.67,0.67,0.83,0.87,0.89,0.91,0.92,0.92,0.91,0.91,0.91,460.00,460.00,369.75,322.00,276.00,230.00,184.00,138.00,92.28,79.96,80.04
470,0.67,0.67,0.83,0.87,0.90,0.91,0.92,0.92,0.91,0.91,0.91,470.00,470.00,377.68,329.00,282.00,235.00,188.00,141.00,94.27,81.78,81.76
480,0.67,0.67,0.83,0.88,0.90,0.91,0.92,0.92,0.91,0.91,0.91,480.00,480.00,385.65,336.00,288.00,240.00,192.00,144.00,96.26,83.46,83.46
490,0.67,0.67,0.84,0.88,0.90,0.92,0.92,0.93,0.92,0.91,0.91,490.00,490.00,393.62,343.00,294.00,245.00,196.00,147.00,98.26,85.20,85.27
500,0.67,0.67,0.84,0.88,0.90,0.92,0.93,0.93,0.92,0.92,0.91,500.00,500.00,401.50,350.00,300.00,250.00,200.00,150.00,100.24,87.01,86.98
510,0.67,0.68,0.84,0.88,0.91,0.92,0.93,0.93,0.92,0.92,0.92,510.00,510.00,409.52,357.00,306.00,255.00,204.00,153.00,102.25,88.75,88.75
520,0.68,0.67,0.84,0.88,0.91,0.92,0.93,0.93,0.92,0.92,0.92,520.00,520.00,417.48,364.00,312.00,260.00,208.00,156.00,104.23,90.42,90.47
530,0.68,0.68,0.84,0.89,0.91,0.93,0.93,0.93,0.93,0.92,0.92,530.00,530.00,425.39,371.00,318.00,265.00,212.00,159.00,106.23,92.21,92.20
540,0.68,0.68,0.85,0.89,0.91,0.93,0.93,0.94,0.93,0.92,0.92,540.00,540.00,433.31,378.00,324.00,270.00,216.00,162.00,108.22,93.94,93.94
550,0.68,0.68,0.85,0.89,0.91,0.93,0.94,0.94,0.93,0.93,0.92,550.00,550.00,441.25,385.00,330.00,275.00,220.00,165.00,110.22,95.68,95.69
560,0.68,0.68,0.85,0.89,0.91,0.93,0.94,0.94,0.93,0.93,0.93,560.00,560.00,449.28,392.00,336.00,280.00,224.00,168.00,112.21,97.48,97.38
570,0.68,0.68,0.85,0.90,0.92,0.93,0.94,0.94,0.93,0.93,0.93,570.00,570.00,457.18,399.00,342.00,285.00,228.00,171.00,114.21,99.13,99.21
580,0.69,0.68,0.86,0.90,0.92,0.94,0.94,0.94,0.93,0.93,0.93,580.00,580.00,465.16,406.00,348.00,290.00,232.00,174.00,116.21,100.94,100.85
590,0.69,0.69,0.86,0.90,0.92,0.94,0.94,0.94,0.93,0.93,0.93,590.00,590.00,473.11,413.00,354.00,295.00,236.00,177.00,118.21,102.57,102.64
600,0.69,0.69,0.86,0.90,0.92,0.94,0.95,0.95,0.94,0.93,0.93,600.00,600.00,481.11,420.00,360.00,300.00,240.00,180.00,120.20,104.35,104.42
610,0.69,0.69,0.86,0.90,0.92,0.94,0.95,0.95,0.94,0.93,0.94,610.00,610.00,489.08,427.00,366.00,305.00,244.00,183.00,122.19,106.15,106.14
620,0.69,0.69,0.86,0.90,0.93,0.94,0.95,0.95,0.94,0.94,0.94,620.00,620.00,497.03,434.00,372.00,310.00,248.00,186.00,124.18,107.82,107.86
630,0.69,0.69,0.87,0.91,0.93,0.94,0.95,0.95,0.94,0.94,0.94,630.00,630.00,504.96,441.00,378.00,315.00,252.00,189.00,126.18,109.55,109.60
640,0.69,0.69,0.87,0.91,0.93,0.94,0.95,0.95,0.95,0.94,0.94,640.00,640.00,512.93,448.00,384.00,320.00,256.00,192.00,128.18,111.37,111.33
650,0.69,0.69,0.87,0.91,0.93,0.94,0.95,0.95,0.95,0.94,0.94,650.00,650.00,520.89,455.00,390.00,325.00,260.00,195.00,130.17,113.08,113.08
660,0.70,0.69,0.87,0.91,0.93,0.95,0.95,0.95,0.95,0.94,0.94,660.00,660.00,528.92,462.00,396.00,330.00,264.00,198.00,132.17,114.81,114.84
670,0.70,0.70,0.88,0.91,0.93,0.95,0.95,0.96,0.95,0.94,0.94,670.00,670.00,536.91,469.00,402.00,335.00,268.00,201.00,134.17,116.57,116.55
680,0.70,0.70,0.88,0.92,0.94,0.95,0.95,0.96,0.95,0.94,0.95,680.00,680.00,544.90,476.00,408.00,340.00,272.00,204.00,136.16,118.21,118.36
690,0.70,0.70,0.88,0.92,0.94,0.95,0.96,0.96,0.95,0.95,0.95,690.00,690.00,552.81,483.00,414.00,345.00,276.00,207.00,138.15,120.05,120.00
700,0.70,0.70,0.88,0.92,0.94,0.95,0.96,0.96,0.95,0.95,0.95,700.00,700.00,560.79,490.00,420.00,350.00,280.00,210.00,140.16,121.83,121.75
710,0.70,0.70,0.88,0.92,0.94,0.95,0.96,0.96,0.95,0.95,0.95,710.00,710.00,568.81,497.00,426.00,355.00,284.00,213.00,142.15,123.54,123.49
720,0.70,0.70,0.89,0.92,0.94,0.95,0.96,0.96,0.95,0.95,0.95,720.00,720.00,576.67,504.00,432.00,360.00,288.00,216.00,144.13,125.21,125.25
730,0.70,0.71,0.89,0.92,0.94,0.95,0.96,0.96,0.96,0.95,0.95,730.00,730.00,584.70,511.00,438.00,365.00,292.00,219.00,146.14,127.00,127.00
740,0.71,0.71,0.89,0.92,0.94,0.96,0.96,0.96,0.96,0.95,0.95,740.00,740.00,592.68,518.00,444.00,370.00,296.00,222.00,148.13,128.79,128.77
750,0.71,0.71,0.89,0.93,0.94,0.96,0.96,0.97,0.96,0.95,0.95,750.00,750.00,600.67,525.00,450.00,375.00,300.00,225.00,150.14,130.54,130.38
760,0.71,0.71,0.89,0.93,0.95,0.96,0.96,0.96,0.96,0.95,0.95,760.00,760.00,608.64,532.00,456.00,380.00,304.00,228.00,152.14,132.18,132.16
770,0.71,0.71,0.89,0.93,0.95,0.96,0.97,0.97,0.96,0.95,0.96,770.00,770.00,616.63,539.00,462.00,385.00,308.00,231.00,154.13,133.89,133.98
780,0.71,0.71,0.89,0.93,0.95,0.96,0.97,0.97,0.96,0.96,0.96,780.00,780.00,624.56,546.00,468.00,390.00,312.00,234.00,156.12,135.69,135.72
790,0.71,0.71,0.89,0.93,0.95,0.96,0.97,0.97,0.96,0.96,0.96,790.00,790.00,632.56,553.00,474.00,395.00,316.00,237.00,158.13,137.43,137.45
800,0.71,0.71,0.89,0.93,0.95,0.96,0.97,0.97,0.96,0.96,0.96,800.00,800.00,640.52,560.00,480.00,400.00,320.00,240.00,160.11,139.15,139.23
810,0.71,0.72,0.90,0.93,0.95,0.96,0.97,0.97,0.96,0.96,0.96,810.00,810.00,648.54,567.00,486.00,405.00,324.00,243.00,162.12,140.94,140.84
820,0.72,0.72,0.90,0.93,0.95,0.96,0.97,0.97,0.96,0.96,0.96,820.00,820.00,656.53,574.00,492.00,410.00,328.00,246.00,164.11,142.64,142.66
830,0.72,0.72,0.90,0.93,0.95,0.96,0.97,0.97,0.96,0.96,0.96,830.00,830.00,664.49,581.00,498.00,415.00,332.00,249.00,166.11,144.42,144.28
840,0.72,0.72,0.90,0.94,0.96,0.96,0.97,0.97,0.97,0.96,0.96,840.00,840.00,672.45,588.00,504.00,420.00,336.00,252.00,168.11,146.20,146.09
850,0.72,0.72,0.90,0.94,0.95,0.97,0.97,0.97,0.97,0.96,0.96,850.00,850.00,680.43,595.00,510.00,425.00,340.00,255.00,170.10,147.77,147.80
860,0.72,0.72,0.91,0.94,0.96,0.97,0.97,0.97,0.97,0.96,0.96,860.00,860.00,688.49,602.00,516.00,430.00,344.00,258.00,172.10,149.57,149.64
870,0.72,0.72,0.91,0.94,0.96,0.97,0.97,0.97,0.97,0.96,0.97,870.00,870.00,696.38,609.00,522.00,435.00,348.00,261.00,174.10,151.41,151.28
880,0.72,0.72,0.91,0.94,0.96,0.97,0.97,0.97,0.97,0.97,0.97,880.00,880.00,704.45,616.00,528.00,440.00,352.00,264.00,176.09,152.99,153.02
890,0.72,0.72,0.91,0.94,0.96,0.97,0.97,0.98,0.97,0.97,0.97,890.00,890.00,712.43,623.00,534.00,445.00,356.00,267.00,178.10,154.95,154.81
900,0.72,0.73,0.91,0.94,0.96,0.97,0.97,0.98,0.97,0.97,0.97,900.00,900.00,720.38,630.00,540.00,450.00,360.00,270.00,180.09,156.45,156.57
910,0.73,0.73,0.91,0.94,0.96,0.97,0.98,0.98,0.97,0.97,0.97,910.00,910.00,728.42,637.00,546.00,455.00,364.00,273.00,182.09,158.31,158.36
920,0.73,0.73,0.91,0.94,0.96,0.97,0.98,0.98,0.97,0.97,0.97,920.00,920.00,736.36,644.00,552.00,460.00,368.00,276.00,184.09,160.06,159.98
930,0.73,0.73,0.91,0.95,0.96,0.97,0.98,0.98,0.97,0.97,0.97,930.00,930.00,744.32,651.00,558.00,465.00,372.00,279.00,186.08,161.80,161.68
940,0.73,0.73,0.92,0.94,0.96,0.97,0.98,0.98,0.97,0.97,0.97,940.00,940.00,752.35,658.00,564.00,470.00,376.00,282.00,188.08,163.49,163.38
950,0.73,0.73,0.91,0.95,0.96,0.98,0.98,0.98,0.97,0.97,0.97,950.00,950.00,760.35,665.00,570.00,475.00,380.00,285.00,190.08,165.23,165.26
960,0.73,0.73,0.92,0.95,0.97,0.97,0.98,0.98,0.97,0.97,0.97,960.00,960.00,768.34,672.00,576.00,480.00,384.00,288.00,192.08,166.92,166.86
970,0.74,0.73,0.92,0.95,0.97,0.97,0.98,0.98,0.97,0.97,0.97,970.00,970.00,776.31,679.00,582.00,485.00,388.00,291.00,194.08,168.84,168.71
980,0.73,0.73,0.92,0.95,0.97,0.97,0.98,0.98,0.97,0.97,0.97,980.00,980.00,784.29,686.00,588.00,490.00,392.00,294.00,196.08,170.54,170.39
990,0.73,0.74,0.92,0.95,0.97,0.98,0.98,0.98,0.98,0.97,0.97,990.00,990.00,792.33,693.00,594.00,495.00,396.00,297.00,198.07,172.30,172.17
1000,0.74,0.74,0.92,0.95,0.97,0.98,0.98,0.98,0.98,0.97,0.97,1000.00,1000.00,800.26,700.00,600.00,500.00,400.00,300.00,200.08,173.90,173.94
1010,0.74,0.74,0.92,0.95,0.97,0.97,0.98,0.98,0.98,0.97,0.97,1010.00,1010.00,808.27,707.00,606.00,505.00,404.00,303.00,202.08,175.73,175.70
1020,0.74,0.74,0.92,0.95,0.97,0.98,0.98,0.98,0.98,0.97,0.98,1020.00,1020.00,816.30,714.00,612.00,510.00,408.00,306.00,204.06,177.42,177.54
1030,0.74,0.74,0.92,0.95,0.97,0.98,0.98,0.98,0.98,0.98,0.97,1030.00,1030.00,824.24,721.00,618.00,515.00,412.00,309.00,206.07,179.27,179.15
1040,0.74,0.74,0.93,0.96,0.97,0.98,0.98,0.98,0.98,0.98,0.98,1040.00,1040.00,832.21,728.00,624.00,520.00,416.00,312.00,208.06,180.97,181.08
1050,0.74,0.74,0.92,0.95,0.97,0.98,0.98,0.98,0.98,0.98,0.98,1050.00,1050.00,840.19,735.00,630.00,525.00,420.00,315.00,210.07,182.71,182.66
1060,0.74,0.74,0.93,0.96,0.97,0.98,0.98,0.98,0.98,0.98,0.98,1060.00,1060.00,848.18,742.00,636.00,530.00,424.00,318.00,212.06,184.44,184.30
1070,0.74,0.74,0.93,0.96,0.97,0.98,0.98,0.98,0.98,0.98,0.98,1070.00,1070.00,856.21,749.00,642.00,535.00,428.00,321.00,214.05,186.16,186.05
1080,0.74,0.74,0.93,0.96,0.97,0.98,0.98,0.99,0.98,0.98,0.98,1080.00,1080.00,864.18,756.00,648.00,540.00,432.00,324.00,216.06,187.95,187.91
1090,0.75,0.75,0.93,0.96,0.97,0.98,0.99,0.99,0.98,0.98,0.98,1090.00,1090.00,872.17,763.00,654.00,545.00,436.00,327.00,218.06,189.66,189.66
1100,0.75,0.75,0.93,0.96,0.97,0.98,0.98,0.99,0.98,0.98,0.98,1100.00,1100.00,880.20,770.00,660.00,550.00,440.00,330.00,220.05,191.25,191.18
1110,0.75,0.75,0.93,0.96,0.97,0.98,0.99,0.99,0.98,0.98,0.98,1110.00,1110.00,888.19,777.00,666.00,555.00,444.00,333.00,222.06,193.04,193.00
1120,0.75,0.75,0.93,0.96,0.97,0.98,0.99,0.99,0.98,0.98,0.98,1120.00,1120.00,896.16,784.00,672.00,560.00,448.00,336.00,224.05,194.88,194.88
1130,0.75,0.75,0.93,0.96,0.98,0.98,0.99,0.99,0.98,0.98,0.98,1130.00,1130.00,904.16,791.00,678.00,565.00,452.00,339.00,226.06,196.62,196.50
1140,0.75,0.75,0.93,0.96,0.98,0.98,0.99,0.99,0.98,0.98,0.98,1140.00,1140.00,912.13,798.00,684.00,570.00,456.00,342.00,228.05,198.20,198.30
1150,0.75,0.75,0.94,0.96,0.97,0.98,0.99,0.99,0.98,0.98,0.98,1150.00,1150.00,920.13,805.00,690.00,575.00,460.00,345.00,230.05,200.03,199.85
1160,0.75,0.75,0.94,0.96,0.98,0.98,0.99,0.99,0.98,0.98,0.98,1160.00,1160.00,928.13,812.00,696.00,580.00,464.00,348.00,232.05,201.69,201.72
1170,0.75,0.75,0.94,0.96,0.98,0.98,0.99,0.99,0.99,0.98,0.98,1170.00,1170.00,936.14,819.00,702.00,585.00,468.00,351.00,234.05,203.53,203.59
1180,0.75,0.75,0.94,0.96,0.98,0.99,0.99,0.99,0.98,0.98,0.98,1180.00,1180.00,944.14,826.00,708.00,590.00,472.00,354.00,236.05,205.18,205.26
1190,0.75,0.76,0.94,0.96,0.98,0.98,0.99,0.99,0.98,0.98,0.98,1190.00,1190.00,952.13,833.00,714.00,595.00,476.00,357.00,238.04,206.94,206.95
1200,0.75,0.76,0.94,0.97,0.98,0.98,0.99,0.99,0.99,0.98,0.98,1200.00,1200.00,960.11,840.00,720.00,600.00,480.00,360.00,240.05,208.69,208.76
1210,0.76,0.76,0.94,0.97,0.98,0.99,0.99,0.99,0.99,0.98,0.98,1210.00,1210.00,968.14,847.00,726.00,605.00,484.00,363.00,242.05,210.79,210.65
1220,0.76,0.76,0.94,0.97,0.98,0.99,0.99,0.99,0.99,0.98,0.98,1220.00,1220.00,976.10,854.00,732.00,610.00,488.00,366.00,244.04,212.11,212.38
1230,0.76,0.76,0.94,0.97,0.98,0.99,0.99,0.99,0.99,0.98,0.98,1230.00,1230.00,984.11,861.00,738.00,615.00,492.00,369.00,246.05,214.01,214.07
1240,0.76,0.76,0.94,0.97,0.98,0.98,0.99,0.99,0.99,0.99,0.98,1240.00,1240.00,992.11,868.00,744.00,620.00,496.00,372.00,248.04,215.74,215.77
1250,0.76,0.76,0.94,0.97,0.98,0.99,0.99,0.99,0.99,0.98,0.98,1250.00,1250.00,1000.06,875.00,750.00,625.00,500.00,375.00,250.03,217.50,217.46
1260,0.76,0.76,0.95,0.97,0.98,0.99,0.99,0.99,0.99,0.99,0.99,1260.00,1260.00,1008.10,882.00,756.00,630.00,504.00,378.00,252.04,219.38,219.26
1270,0.76,0.76,0.94,0.97,0.98,0.99,0.99,0.99,0.99,0.99,0.98,1270.00,1270.00,1016.11,889.00,762.00,635.00,508.00,381.00,254.04,220.84,220.84
1280,0.76,0.76,0.95,0.97,0.98,0.99,0.99,0.99,0.99,0.99,0.99,1280.00,1280.00,1024.05,896.00,768.00,640.00,512.00,384.00,256.03,222.59,222.71
1290,0.76,0.76,0.95,0.97,0.98,0.99,0.99,0.99,0.99,0.98,0.99,1290.00,1290.00,1032.08,903.00,774.00,645.00,516.00,387.00,258.03,224.29,224.25
1300,0.77,0.76,0.95,0.97,0.98,0.99,0.99,0.99,0.99,0.99,0.99,1300.00,1300.00,1040.08,910.00,780.00,650.00,520.00,390.00,260.04,226.37,226.05
1310,0.77,0.76,0.95,0.97,0.98,0.99,0.99,0.99,0.99,0.99,0.99,1310.00,1310.00,1048.07,917.00,786.00,655.00,524.00,393.00,262.04,228.10,228.02
1320,0.77,0.77,0.95,0.97,0.98,0.99,0.99,0.99,0.99,0.99,0.99,1320.00,1320.00,1056.07,924.00,792.00,660.00,528.00,396.00,264.03,229.86,229.40
1330,0.77,0.77,0.95,0.97,0.98,0.99,0.99,0.99,0.99,0.99,0.99,1330.00,1330.00,1064.08,931.00,798.00,665.00,532.00,399.00,266.03,231.25,231.46
1340,0.77,0.77,0.95,0.97,0.98,0.99,0.99,0.99,0.99,0.99,0.99,1340.00,1340.00,1072.07,938.00,804.00,670.00,536.00,402.00,268.03,233.03,233.15
1350,0.77,0.77,0.95,0.97,0.98,0.99,0.99,0.99,0.99,0.99,0.99,1350.00,1350.00,1080.07,945.00,810.00,675.00,540.00,405.00,270.04,234.93,234.74
1360,0.77,0.77,0.95,0.97,0.98,0.99,0.99,0.99,0.99,0.99,0.99,1360.00,1360.00,1088.07,952.00,816.00,680.00,544.00,408.00,272.04,236.51,236.92
1370,0.77,0.77,0.95,0.98,0.99,0.99,0.99,0.99,0.99,0.99,0.99,1370.00,1370.00,1096.04,959.00,822.00,685.00,548.00,411.00,274.02,238.37,238.32
1380,0.77,0.77,0.95,0.97,0.99,0.99,0.99,0.99,0.99,0.99,0.99,1380.00,1380.00,1104.04,966.00,828.00,690.00,552.00,414.00,276.03,239.98,240.02
1390,0.77,0.77,0.95,0.97,0.98,0.99,0.99,0.99,0.99,0.99,0.99,1390.00,1390.00,1112.05,973.00,834.00,695.00,556.00,417.00,278.02,241.65,241.85
1400,0.77,0.77,0.95,0.97,0.99,0.99,0.99,0.99,0.99,0.99,0.99,1400.00,1400.00,1120.04,980.00,840.00,700.00,560.00,420.00,280.02,243.55,243.32
1410,0.77,0.77,0.95,0.98,0.99,0.99,0.99,0.99,0.99,0.99,0.99,1410.00,1410.00,1128.08,987.00,846.00,705.00,564.00,423.00,282.02,245.36,245.20
1420,0.77,0.77,0.95,0.98,0.99,0.99,0.99,0.99,0.99,0.99,0.99,1420.00,1420.00,1136.07,994.00,852.00,710.00,568.00,426.00,284.02,247.13,247.15
1430,0.77,0.77,0.96,0.98,0.99,0.99,0.99,0.99,0.99,0.99,0.99,1430.00,1430.00,1144.02,1001.00,858.00,715.00,572.00,429.00,286.04,248.94,248.71
1440,0.77,0.78,0.96,0.98,0.99,0.99,0.99,0.99,0.99,0.99,0.99,1440.00,1440.00,1152.03,1008.00,864.00,720.00,576.00,432.00,288.03,250.72,250.56
1450,0.78,0.78,0.96,0.98,0.99,0.99,0.99,0.99,0.99,0.99,0.99,1450.00,1450.00,1160.03,1015.00,870.00,725.00,580.00,435.00,290.03,252.32,252.33
1460,0.78,0.78,0.96,0.98,0.99,0.99,0.99,0.99,0.99,0.99,0.99,1460.00,1460.00,1168.06,1022.00,876.00,730.00,584.00,438.00,292.02,253.62,253.91
1470,0.78,0.78,0.96,0.98,0.99,0.99,0.99,0.99,0.99,0.99,0.99,1470.00,1470.00,1176.05,1029.00,882.00,735.00,588.00,441.00,294.03,255.85,255.76
1480,0.78,0.78,0.96,0.98,0.99,0.99,1.00,0.99,1.00,0.99,0.99,1480.00,1480.00,1184.06,1036.00,888.00,740.00,592.00,444.00,296.02,257.19,257.50
1490,0.78,0.78,0.96,0.98,0.99,0.99,1.00,1.00,0.99,0.99,0.99,1490.00,1490.00,1192.04,1043.00,894.00,745.00,596.00,447.00,298.02,259.08,259.47
1500,0.78,0.78,0.96,0.98,0.99,0.99,0.99,0.99,0.99,0.99,0.99,1500.00,1500.00,1200.04,1050.00,900.00,750.00,600.00,450.00,300.01,260.81,260.79
1510,0.78,0.78,0.96,0.98,0.99,0.99,0.99,1.00,0.99,0.99,0.99,1510.00,1510.00,1208.03,1057.00,906.00,755.00,604.00,453.00,302.02,262.51,262.69
1520,0.78,0.78,0.96,0.98,0.99,0.99,1.00,0.99,0.99,0.99,0.99,1520.00,1520.00,1216.03,1064.00,912.00,760.00,608.00,456.00,304.01,264.58,264.51
1530,0.78,0.78,0.96,0.98,0.99,0.99,0.99,0.99,0.99,0.99,0.99,1530.00,1530.00,1224.05,1071.00,918.00,765.00,612.00,459.00,306.02,266.35,266.32
1540,0.78,0.78,0.96,0.98,0.99,0.99,0.99,1.00,0.99,0.99,0.99,1540.00,1540.00,1232.02,1078.00,924.00,770.00,616.00,462.00,308.02,267.89,268.12
1550,0.78,0.78,0.96,0.98,0.99,0.99,0.99,1.00,0.99,0.99,0.99,1550.00,1550.00,1240.01,1085.00,930.00,775.00,620.00,465.00,310.02,269.44,269.55
1560,0.78,0.79,0.96,0.98,0.99,0.99,0.99,1.00,0.99,0.99,0.99,1560.00,1560.00,1248.01,1092.00,936.00,780.00,624.00,468.00,312.02,271.57,271.26
1570,0.78,0.79,0.96,0.98,0.99,0.99,1.00,1.00,1.00,0.99,0.99,1570.00,1570.00,1256.04,1099.00,942.00,785.00,628.00,471.00,314.02,272.99,273.35
1580,0.79,0.79,0.96,0.98,0.99,0.99,1.00,1.00,1.00,0.99,0.99,1580.00,1580.00,1264.03,1106.00,948.00,790.00,632.00,474.00,316.02,275.19,274.95
1590,0.79,0.79,0.96,0.98,0.99,0.99,1.00,1.00,1.00,0.99,0.99,1590.00,1590.00,1272.00,1113.00,954.00,795.00,636.00,477.00,318.03,277.03,276.53
1600,0.79,0.79,0.96,0.98,0.99,0.99,0.99,1.00,1.00,0.99,0.99,1600.00,1600.00,1280.03,1120.00,960.00,800.00,640.00,480.00,320.02,278.46,278.36
1610,0.79,0.79,0.96,0.98,1.00,1.00,1.00,1.00,0.99,0.99,0.99,1610.00,1610.00,1288.02,1127.00,966.00,805.00,644.00,483.00,322.01,280.12,280.01
1620,0.79,0.79,0.96,0.98,0.99,1.00,1.00,1.00,0.99,1.00,0.99,1620.00,1620.00,1296.04,1134.00,972.00,810.00,648.00,486.00,324.01,281.52,281.81
1630,0.79,0.79,0.96,0.98,0.99,0.99,1.00,1.00,1.00,0.99,0.99,1630.00,1630.00,1304.03,1141.00,978.00,815.00,652.00,489.00,326.01,283.63,283.77
1640,0.79,0.79,0.96,0.99,0.99,0.99,1.00,1.00,0.99,0.99,0.99,1640.00,1640.00,1312.03,1148.00,984.00,820.00,656.00,492.00,328.02,285.23,285.14
1650,0.79,0.79,0.97,0.98,0.99,0.99,1.00,1.00,1.00,0.99,0.99,1650.00,1650.00,1320.02,1155.00,990.00,825.00,660.00,495.00,330.03,286.92,287.15
1660,0.79,0.79,0.97,0.98,0.99,1.00,1.00,1.00,1.00,0.99,0.99,1660.00,1660.00,1328.02,1162.00,996.00,830.00,664.00,498.00,332.01,288.73,288.94
1670,0.79,0.79,0.97,0.99,0.99,1.00,1.00,1.00,0.99,0.99,1.00,1670.00,1670.00,1336.02,1169.00,1002.00,835.00,668.00,501.00,334.01,290.17,291.84
1680,0.79,0.79,0.97,0.99,0.99,0.99,1.00,1.00,0.99,0.99,0.99,1680.00,1680.00,1344.02,1176.00,1008.00,840.00,672.00,504.00,336.02,292.29,292.09
1690,0.80,0.79,0.97,0.98,0.99,0.99,1.00,1.00,0.99,0.99,0.99,1690.00,1690.00,1352.01,1183.00,1014.00,845.00,676.00,507.00,338.01,293.92,293.91
1700,0.80,0.79,0.97,0.99,0.99,0.99,1.00,1.00,1.00,1.00,1.00,1700.00,1700.00,1360.01,1190.00,1020.00,850.00,680.00,510.00,340.01,296.30,296.16
1710,0.79,0.79,0.97,0.99,0.99,1.00,1.00,1.00,0.99,0.99,1.00,1710.00,1710.00,1368.03,1197.00,1026.00,855.00,684.00,513.00,342.01,297.42,297.22
1720,0.80,0.80,0.97,0.99,0.99,0.99,1.00,1.00,1.00,1.00,0.99,1720.00,1720.00,1376.04,1204.00,1032.00,860.00,688.00,516.00,344.02,298.52,299.02
1730,0.80,0.80,0.97,0.99,0.99,1.00,1.00,1.00,1.00,0.99,0.99,1730.00,1730.00,1384.01,1211.00,1038.00,865.00,692.00,519.00,346.01,300.66,300.67
1740,0.80,0.80,0.97,0.98,0.99,1.00,1.00,1.00,1.00,1.00,1.00,1740.00,1740.00,1392.00,1218.00,1044.00,870.00,696.00,522.00,348.01,302.29,303.48
1750,0.80,0.80,0.97,0.99,0.99,1.00,1.00,1.00,0.99,1.00,0.99,1750.00,1750.00,1400.01,1225.00,1050.00,875.00,700.00,525.00,350.02,304.84,304.56
1760,0.80,0.80,0.97,0.99,0.99,1.00,1.00,1.00,1.00,1.00,1.00,1760.00,1760.00,1408.01,1232.00,1056.00,880.00,704.00,528.00,352.01,305.42,306.27
1770,0.80,0.80,0.97,0.99,0.99,1.00,1.00,1.00,1.00,1.00,1.00,1770.00,1770.00,1416.03,1239.00,1062.00,885.00,708.00,531.00,354.00,307.89,307.90
1780,0.80,0.80,0.97,0.98,0.99,1.00,1.00,1.00,1.00,1.00,0.99,1780.00,1780.00,1424.01,1246.00,1068.00,890.00,712.00,534.00,356.01,310.05,309.68
1790,0.80,0.80,0.97,0.99,0.99,1.00,1.00,1.00,1.00,1.00,0.99,1790.00,1790.00,1432.03,1253.00,1074.00,895.00,716.00,537.00,358.00,311.15,311.22
1800,0.80,0.80,0.97,0.99,0.99,1.00,1.00,1.00,1.00,0.99,1.00,1800.00,1800.00,1440.00,1260.00,1080.00,900.00,720.00,540.00,360.03,313.06,313.71
1810,0.80,0.80,0.97,0.99,1.00,1.00,1.00,1.00,1.00,0.99,1.00,1810.00,1810.00,1448.00,1267.00,1086.00,905.00,724.00,543.00,362.01,315.15,314.68
1820,0.80,0.80,0.97,0.99,0.99,1.00,1.00,1.00,1.00,1.00,1.00,1820.00,1820.00,1456.00,1274.00,1092.00,910.00,728.00,546.00,364.01,316.34,316.19
1830,0.80,0.80,0.97,0.99,0.99,1.00,1.00,1.00,1.00,1.00,0.99,1830.00,1830.00,1464.00,1281.00,1098.00,915.00,732.00,549.00,366.01,318.33,318.39
1840,0.80,0.80,0.97,0.99,0.99,1.00,1.00,1.00,1.00,1.00,1.00,1840.00,1840.00,1472.03,1288.00,1104.00,920.00,736.00,552.00,368.01,319.47,319.97
1850,0.81,0.80,0.97,0.99,0.99,1.00,1.00,1.00,1.00,1.00,0.99,1850.00,1850.00,1480.00,1295.00,1110.00,925.00,740.00,555.00,370.00,321.89,321.76
1860,0.81,0.80,0.97,0.99,1.00,1.00,1.00,1.00,1.00,0.99,1.00,1860.00,1860.00,1488.01,1302.00,1116.00,930.00,744.00,558.00,372.01,323.58,323.30
1870,0.81,0.81,0.97,0.99,1.00,1.00,1.00,1.00,1.00,1.00,1.00,1870.00,1870.00,1496.00,1309.00,1122.00,935.00,748.00,561.00,374.01,325.31,324.68
1880,0.81,0.81,0.97,0.99,0.99,1.00,1.00,1.00,1.00,1.00,1.00,1880.00,1880.00,1504.03,1316.00,1128.00,940.00,752.00,564.00,376.01,326.90,326.72
1890,0.81,0.81,0.97,0.99,0.99,1.00,1.00,1.00,1.00,1.00,1.00,1890.00,1890.00,1512.00,1323.00,1134.00,945.00,756.00,567.00,378.00,328.29,329.11
1900,0.81,0.81,0.97,0.99,0.99,1.00,1.00,1.00,1.00,0.99,1.00,1900.00,1900.00,1520.01,1330.00,1140.00,950.00,760.00,570.00,380.01,330.02,330.57
1910,0.81,0.81,0.98,0.99,0.99,1.00,1.00,1.00,1.00,1.00,1.00,1910.00,1910.00,1528.00,1337.00,1146.00,955.00,764.00,573.00,382.01,332.16,331.95
1920,0.81,0.81,0.97,0.99,0.99,1.00,1.00,1.00,1.00,1.00,0.99,1920.00,1920.00,1536.00,1344.00,1152.00,960.00,768.00,576.00,384.01,334.53,334.17
1930,0.81,0.81,0.98,0.99,1.00,1.00,1.00,1.00,1.00,1.00,1.00,1930.00,1930.00,1544.00,1351.00,1158.00,965.00,772.00,579.00,386.00,335.66,335.73
1940,0.81,0.81,0.98,0.99,1.00,1.00,1.00,1.00,1.00,1.00,1.00,1940.00,1940.00,1552.02,1358.00,1164.00,970.00,776.00,582.00,388.00,337.42,337.15
1950,0.81,0.81,0.98,0.99,1.00,1.00,1.00,1.00,1.00,1.00,1.00,1950.00,1950.00,1560.00,1365.00,1170.00,975.00,780.00,585.00,390.00,339.47,339.51
1960,0.81,0.81,0.98,0.99,1.00,1.00,1.00,1.00,1.00,1.00,1.00,1960.00,1960.00,1568.02,1372.00,1176.00,980.00,784.00,588.00,392.00,340.67,340.52
1970,0.81,0.81,0.98,0.99,1.00,1.00,1.00,1.00,1.00,1.00,1.00,1970.00,1970.00,1576.00,1379.00,1182.00,985.00,788.00,591.00,394.01,342.80,342.35
1980,0.81,0.81,0.98,0.99,1.00,1.00,1.00,1.00,1.00,1.00,1.00,1980.00,1980.00,1584.02,1386.00,1188.00,990.00,792.00,594.00,396.00,345.54,344.56
1990,0.81,0.81,0.98,0.99,0.99,1.00,1.00,1.00,1.00,1.00,1.00,1990.00,1990.00,1592.00,1393.00,1194.00,995.00,796.00,597.00,398.01,346.01,346.47
2000,0.81,0.81,0.98,0.99,1.00,1.00,1.00,1.00,1.00,1.00,1.00,2000.00,2000.00,1600.00,1400.00,1200.00,1000.00,800.00,600.00,400.00,347.89,347.90
2010,0.81,0.81,0.98,0.99,1.00,1.00,1.00,1.00,1.00,1.00,1.00,2010.00,2010.00,1608.00,1407.00,1206.00,1005.00,804.00,603.00,402.00,350.13,349.18
2020,0.82,0.82,0.98,0.99,1.00,1.00,1.00,1.00,1.00,1.00,1.00,2020.00,2020.00,1616.00,1414.00,1212.00,1010.00,808.00,606.00,404.00,350.66,351.68
2030,0.82,0.82,0.98,0.99,1.00,1.00,1.00,1.00,1.00,1.00,1.00,2030.00,2030.00,1624.00,1421.00,1218.00,1015.00,812.00,609.00,406.01,353.19,353.08
2040,0.82,0.82,0.98,0.99,1.00,1.00,1.00,1.00,1.00,1.00,1.00,2040.00,2040.00,1632.00,1428.00,1224.00,1020.00,816.00,612.00,408.00,354.75,355.03
2050,0.82,0.82,0.98,0.99,1.00,1.00,1.00,1.00,1.00,1.00,1.00,2050.00,2050.00,1640.02,1435.00,1230.00,1025.00,820.00,615.00,410.00,356.44,356.64
2060,0.82,0.82,0.98,0.99,1.00,1.00,1.00,1.00,1.00,1.00,1.00,2060.00,2060.00,1648.00,1442.00,1236.00,1030.00,824.00,618.00,412.00,359.14,358.87
2070,0.82,0.82,0.98,0.99,1.00,1.00,1.00,1.00,1.00,1.00,1.00,2070.00,2070.00,1656.00,1449.00,1242.00,1035.00,828.00,621.00,414.01,359.98,359.71
2080,0.82,0.82,0.98,0.99,1.00,1.00,1.00,1.00,1.00,1.00,1.00,2080.00,2080.00,1664.00,1456.00,1248.00,1040.00,832.00,624.00,416.02,362.29,361.29
2090,0.82,0.82,0.98,0.99,1.00,1.00,1.00,1.00,1.00,1.00,1.00,2090.00,2090.00,1672.00,1463.00,1254.00,1045.00,836.00,627.00,418.00,363.47,363.53
2100,0.82,0.82,0.98,0.99,1.00,1.00,1.00,1.00,1.00,1.00,1.00,2100.00,2100.00,1680.00,1470.00,1260.00,1050.00,840.00,630.00,420.00,365.13,365.00
2110,0.82,0.82,0.98,0.99,1.00,1.00,1.00,1.00,1.00,1.00,1.00,2110.00,2110.00,1688.00,1477.00,1266.00,1055.00,844.00,633.00,422.00,366.71,366.64
2120,0.82,0.82,0.98,0.99,1.00,1.00,1.00,1.00,1.00,1.00,1.00,2120.00,2120.00,1696.00,1484.00,1272.00,1060.00,848.00,636.00,424.00,368.71,369.18
2130,0.82,0.82,0.98,0.99,1.00,1.00,1.00,1.00,1.00,1.00,1.00,2130.00,2130.00,1704.00,1491.00,1278.00,1065.00,852.00,639.00,426.00,370.35,369.78
2140,0.82,0.82,0.98,0.99,1.00,1.00,1.00,1.00,1.00,1.00,1.00,2140.00,2140.00,1712.02,1498.00,1284.00,1070.00,856.00,642.00,428.01,371.29,372.23
2150,0.82,0.82,0.98,0.99,1.00,1.00,1.00,1.00,1.00,1.00,1.00,2150.00,2150.00,1720.00,1505.00,1290.00,1075.00,860.00,645.00,430.00,373.33,374.37
2160,0.82,0.82,0.98,0.99,1.00,1.00,1.00,1.00,1.00,1.00,1.00,2160.00,2160.00,1728.00,1512.00,1296.00,1080.00,864.00,648.00,432.00,375.79,376.18
2170,0.82,0.82,0.98,0.99,1.00,1.00,1.00,1.00,1.00,1.00,1.00,2170.00,2170.00,1736.00,1519.00,1302.00,1085.00,868.00,651.00,434.00,376.25,378.03
2180,0.82,0.83,0.98,0.99,1.00,1.00,1.00,1.00,1.00,1.00,1.00,2180.00,2180.00,1744.00,1526.00,1308.00,1090.00,872.00,654.00,436.00,379.89,379.39
2190,0.82,0.83,0.98,0.99,1.00,1.00,1.00,1.00,1.00,1.00,1.00,2190.00,2190.00,1752.00,1533.00,1314.00,1095.00,876.00,657.00,438.00,381.85,380.04
2200,0.83,0.83,0.98,0.99,1.00,1.00,1.00,1.00,1.00,1.00,1.00,2200.00,2200.00,1760.00,1540.00,1320.00,1100.00,880.00,660.00,440.00,383.22,382.71
2210,0.83,0.82,0.98,0.99,1.00,1.00,1.00,1.00,1.00,1.00,1.00,2210.00,2210.00,1768.00,1547.00,1326.00,1105.00,884.00,663.00,442.01,383.72,384.74
2220,0.82,0.83,0.98,0.99,1.00,1.00,1.00,1.00,1.00,1.00,1.00,2220.00,2220.00,1776.00,1554.00,1332.00,1110.00,888.00,666.00,444.00,385.85,386.52
2230,0.83,0.83,0.98,0.99,1.00,1.00,1.00,1.00,1.00,1.00,1.00,2230.00,2230.00,1784.00,1561.00,1338.00,1115.00,892.00,669.00,446.00,386.81,387.07
2240,0.83,0.83,0.98,0.99,1.00,1.00,1.00,1.00,1.00,1.00,1.00,2240.00,2240.00,1792.00,1568.00,1344.00,1120.00,896.00,672.00,448.00,389.81,389.59
2250,0.83,0.83,0.98,0.99,1.00,1.00,1.00,1.00,1.00,1.00,1.00,2250.00,2250.00,1800.00,1575.00,1350.00,1125.00,900.00,675.00,450.00,390.90,391.56
2260,0.83,0.83,0.98,0.99,1.00,1.00,1.00,1.00,1.00,1.00,1.00,2260.00,2260.00,1808.00,1582.00,1356.00,1130.00,904.00,678.00,452.01,393.20,392.77
2270,0.83,0.83,0.98,1.00,1.00,1.00,1.00,1.00,1.00,1.00,1.00,2270.00,2270.00,1816.00,1589.00,1362.00,1135.00,908.00,681.00,454.00,395.18,394.54
2280,0.83,0.83,0.98,0.99,1.00,1.00,1.00,1.00,1.00,1.00,1.00,2280.00,2280.00,1824.00,1596.00,1368.00,1140.00,912.00,684.00,456.00,396.54,396.55
2290,0.83,0.83,0.98,0.99,1.00,1.00,1.00,1.00,1.00,1.00,1.00,2290.00,2290.00,1832.00,1603.00,1374.00,1145.00,916.00,687.00,458.00,397.65,398.55
2300,0.83,0.83,0.98,0.99,1.00,1.00,1.00,1.00,1.00,1.00,1.00,2300.00,2300.00,1840.00,1610.00,1380.00,1150.00,920.00,690.00,460.00,399.92,401.12
2310,0.83,0.83,0.99,0.99,1.00,1.00,1.00,1.00,1.00,1.00,1.00,2310.00,2310.00,1848.00,1617.00,1386.00,1155.00,924.00,693.00,462.02,402.39,402.41
2320,0.83,0.83,0.98,0.99,1.00,1.00,1.00,1.00,1.00,1.00,1.00,2320.00,2320.00,1856.00,1624.00,1392.00,1160.00,928.00,696.00,464.00,404.29,403.69
2330,0.83,0.83,0.99,0.99,1.00,1.00,1.00,1.00,1.00,1.00,1.00,2330.00,2330.00,1864.00,1631.00,1398.00,1165.00,932.00,699.00,466.00,404.69,406.01
2340,0.83,0.83,0.99,0.99,1.00,1.00,1.00,1.00,1.00,1.00,1.00,2340.00,2340.00,1872.00,1638.00,1404.00,1170.00,936.00,702.00,468.01,406.51,408.25
2350,0.83,0.83,0.99,0.99,1.00,1.00,1.00,1.00,1.00,1.00,1.00,2350.00,2350.00,1880.00,1645.00,1410.00,1175.00,940.00,705.00,470.01,409.15,408.99
2360,0.83,0.84,0.98,1.00,1.00,1.00,1.00,1.00,1.00,1.00,1.00,2360.00,2360.00,1888.00,1652.00,1416.00,1180.00,944.00,708.00,472.00,410.54,409.94
2370,0.84,0.83,0.98,1.00,1.00,1.00,1.00,1.00,1.00,1.00,1.00,2370.00,2370.00,1896.00,1659.00,1422.00,1185.00,948.00,711.00,474.02,411.18,412.30
2380,0.84,0.84,0.99,0.99,1.00,1.00,1.00,1.00,1.00,1.00,1.00,2380.00,2380.00,1904.00,1666.00,1428.00,1190.00,952.00,714.00,476.02,411.32,416.79
2390,0.84,0.84,0.99,1.00,1.00,1.00,1.00,1.00,1.00,1.00,1.00,2390.00,2390.00,1912.00,1673.00,1434.00,1195.00,956.00,717.00,478.03,415.72,415.81
2400,0.84,0.83,0.99,0.99,1.00,1.00,1.00,1.00,1.00,1.00,1.00,2400.00,2400.00,1920.00,1680.00,1440.00,1200.00,960.00,720.00,480.00,415.73,417.32
2410,0.84,0.84,0.99,0.99,1.00,1.00,1.00,1.00,1.00,1.00,1.00,2410.00,2410.00,1928.00,1687.00,1446.00,1205.00,964.00,723.00,482.00,419.39,419.04
2420,0.84,0.84,0.99,0.99,1.00,1.00,1.00,1.00,1.00,1.00,1.00,2420.00,2420.00,1936.00,1694.00,1452.00,1210.00,968.00,726.00,484.00,421.31,420.55
2430,0.84,0.84,0.99,0.99,1.00,1.00,1.00,1.00,1.00,1.00,1.00,2430.00,2430.00,1944.00,1701.00,1458.00,1215.00,972.00,729.00,486.00,424.61,423.08
2440,0.84,0.84,0.99,1.00,1.00,1.00,1.00,1.00,1.00,1.00,1.00,2440.00,2440.00,1952.00,1708.00,1464.00,1220.00,976.00,732.00,488.00,424.44,425.24
2450,0.84,0.84,0.99,0.99,1.00,1.00,1.00,1.00,1.00,1.00,1.00,2450.00,2450.00,1960.00,1715.00,1470.00,1225.00,980.00,735.00,490.00,426.40,426.59
2460,0.84,0.84,0.99,0.99,1.00,1.00,1.00,1.00,1.00,1.00,1.00,2460.00,2460.00,1968.00,1722.00,1476.00,1230.00,984.00,738.00,492.00,427.85,428.67
2470,0.84,0.84,0.99,1.00,1.00,1.00,1.00,1.00,1.00,1.00,1.00,2470.00,2470.00,1976.00,1729.00,1482.00,1235.00,988.00,741.00,494.00,429.09,428.69
2480,0.84,0.84,0.99,1.00,1.00,1.00,1.00,1.00,1.00,1.00,1.00,2480.00,2480.00,1984.00,1736.00,1488.00,1240.00,992.00,744.00,496.00,431.58,432.37
2490,0.84,0.84,0.99,1.00,1.00,1.00,1.00,1.00,1.00,1.00,1.00,2490.00,2490.00,1992.00,1743.00,1494.00,1245.00,996.00,747.00,498.00,434.13,433.80
2500,0.84,0.84,0.99,1.00,1.00,1.00,1.00,1.00,1.00,1.00,1.00,2500.00,2500.00,2000.00,1750.00,1500.00,1250.00,1000.00,750.00,500.00,435.70,435.08
2510,0.84,0.84,0.99,1.00,1.00,1.00,1.00,1.00,1.00,1.00,1.00,2510.00,2510.00,2008.00,1757.00,1506.00,1255.00,1004.00,753.00,502.00,436.49,436.50
2520,0.84,0.84,0.99,1.00,1.00,1.00,1.00,1.00,1.00,1.00,1.00,2520.00,2520.00,2016.00,1764.00,1512.00,1260.00,1008.00,756.00,504.00,438.43,438.43
2530,0.84,0.84,0.99,1.00,1.00,1.00,1.00,1.00,1.00,1.00,1.00,2530.00,2530.00,2024.00,1771.00,1518.00,1265.00,1012.00,759.00,506.00,439.94,439.96
2540,0.84,0.84,0.99,1.00,1.00,1.00,1.00,1.00,1.00,1.00,1.00,2540.00,2540.00,2032.00,1778.00,1524.00,1270.00,1016.00,762.00,508.00,441.53,442.59
2550,0.84,0.84,0.99,1.00,1.00,1.00,1.00,1.00,1.00,1.00,1.00,2550.00,2550.00,2040.00,1785.00,1530.00,1275.00,1020.00,765.00,510.00,443.74,443.02
2560,0.84,0.84,0.99,1.00,1.00,1.00,1.00,1.00,1.00,1.00,1.00,2560.00,2560.00,2048.00,1792.00,1536.00,1280.00,1024.00,768.00,512.00,445.99,445.35
2570,0.84,0.84,0.99,1.00,1.00,1.00,1.00,1.00,1.00,1.00,1.00,2570.00,2570.00,2056.00,1799.00,1542.00,1285.00,1028.00,771.00,514.00,446.74,448.40
2580,0.85,0.85,0.99,1.00,1.00,1.00,1.00,1.00,1.00,1.00,1.00,2580.00,2580.00,2064.00,1806.00,1548.00,1290.00,1032.00,774.00,516.00,448.57,447.17
2590,0.84,0.85,0.99,1.00,1.00,1.00,1.00,1.00,1.00,1.00,1.00,2590.00,2590.00,2072.00,1813.00,1554.00,1295.00,1036.00,777.00,518.00,450.86,449.57
2600,0.85,0.85,0.99,1.00,1.00,1.00,1.00,1.00,1.00,1.00,1.00,2600.00,2600.00,2080.00,1820.00,1560.00,1300.00,1040.00,780.00,520.00,452.09,451.70
2610,0.85,0.85,0.99,1.00,1.00,1.00,1.00,1.00,1.00,1.00,1.00,2610.00,2610.00,2088.00,1827.00,1566.00,1305.00,1044.00,783.00,522.00,453.89,454.96
2620,0.85,0.85,0.99,1.00,1.00,1.00,1.00,1.00,1.00,1.00,1.00,2620.00,2620.00,2096.00,1834.00,1572.00,1310.00,1048.00,786.00,524.00,456.01,455.94
2630,0.85,0.85,0.99,1.00,1.00,1.00,1.00,1.00,1.00,1.00,1.00,2630.00,2630.00,2104.00,1841.00,1578.00,1315.00,1052.00,789.00,526.00,456.93,457.77
2640,0.85,0.85,0.99,0.99,1.00,1.00,1.00,1.00,1.00,1.00,1.00,2640.00,2640.00,2112.00,1848.00,1584.00,1320.00,1056.00,792.00,528.00,458.00,459.08
2650,0.85,0.85,0.99,1.00,1.00,1.00,1.00,1.00,1.00,1.00,1.00,2650.00,2650.00,2120.00,1855.00,1590.00,1325.00,1060.00,795.00,530.00,461.70,461.88
2660,0.85,0.85,0.99,1.00,1.00,1.00,1.00,1.00,1.00,1.00,1.00,2660.00,2660.00,2128.00,1862.00,1596.00,1330.00,1064.00,798.00,532.00,463.79,463.53
2670,0.85,0.85,0.99,1.00,1.00,1.00,1.00,1.00,1.00,1.00,1.00,2670.00,2670.00,2136.00,1869.00,1602.00,1335.00,1068.00,801.00,534.00,464.12,463.82
2680,0.85,0.85,0.99,1.00,1.00,1.00,1.00,1.00,1.00,1.00,1.00,2680.00,2680.00,2144.00,1876.00,1608.00,1340.00,1072.00,804.00,536.00,468.04,465.81
2690,0.85,0.85,0.99,1.00,1.00,1.00,1.00,1.00,1.00,1.00,1.00,2690.00,2690.00,2152.00,1883.00,1614.00,1345.00,1076.00,807.00,538.00,466.51,467.38
2700,0.85,0.85,0.99,1.00,1.00,1.00,1.00,1.00,1.00,1.00,1.00,2700.00,2700.00,2160.00,1890.00,1620.00,1350.00,1080.00,810.00,540.00,469.89,470.35
2710,0.85,0.85,0.99,1.00,1.00,1.00,1.00,1.00,1.00,1.00,1.00,2710.00,2710.00,2168.00,1897.00,1626.00,1355.00,1084.00,813.00,542.00,471.41,472.67
2720,0.85,0.85,1.00,1.00,1.00,1.00,1.00,1.00,1.00,1.00,1.00,2720.00,2720.00,2176.00,1904.00,1632.00,1360.00,1088.00,816.00,544.00,473.59,474.09
2730,0.85,0.85,0.99,1.00,1.00,1.00,1.00,1.00,1.00,1.00,1.00,2730.00,2730.00,2184.00,1911.00,1638.00,1365.00,1092.00,819.00,546.00,476.05,474.68
2740,0.85,0.85,0.99,1.00,1.00,1.00,1.00,1.00,1.00,1.00,1.00,2740.00,2740.00,2192.00,1918.00,1644.00,1370.00,1096.00,822.00,548.00,476.99,476.43
2750,0.85,0.85,0.99,1.00,1.00,1.00,1.00,1.00,1.00,1.00,1.00,2750.00,2750.00,2200.00,1925.00,1650.00,1375.00,1100.00,825.00,550.00,478.21,476.49
2760,0.85,0.85,0.99,1.00,1.00,1.00,1.00,1.00,1.00,1.00,1.00,2760.00,2760.00,2208.00,1932.00,1656.00,1380.00,1104.00,828.00,552.00,480.23,479.34
2770,0.85,0.85,0.99,1.00,1.00,1.00,1.00,1.00,1.00,1.00,1.00,2770.00,2770.00,2216.00,1939.00,1662.00,1385.00,1108.00,831.00,554.00,481.97,481.06
2780,0.85,0.85,0.99,1.00,1.00,1.00,1.00,1.00,1.00,1.00,1.00,2780.00,2780.00,2224.00,1946.00,1668.00,1390.00,1112.00,834.00,556.00,483.20,483.58
2790,0.85,0.85,0.99,1.00,1.00,1.00,1.00,1.00,1.00,1.00,1.00,2790.00,2790.00,2232.00,1953.00,1674.00,1395.00,1116.00,837.00,558.00,485.30,485.17
2800,0.86,0.86,0.99,1.00,1.00,1.00,1.00,1.00,1.00,1.00,1.00,2800.00,2800.00,2240.00,1960.00,1680.00,1400.00,1120.00,840.00,560.00,487.37,486.60
2810,0.86,0.86,0.99,1.00,1.00,1.00,1.00,1.00,1.00,1.00,1.00,2810.00,2810.00,2248.00,1967.00,1686.00,1405.00,1124.00,843.00,562.00,488.36,487.95
2820,0.85,0.86,0.99,1.00,1.00,1.00,1.00,1.00,1.00,1.00,1.00,2820.00,2820.00,2256.00,1974.00,1692.00,1410.00,1128.00,846.00,564.00,492.66,490.53
2830,0.86,0.86,0.99,1.00,1.00,1.00,1.00,1.00,1.00,1.00,1.00,2830.00,2830.00,2264.00,1981.00,1698.00,1415.00,1132.00,849.00,566.00,492.30,491.67
2840,0.86,0.86,0.99,1.00,1.00,1.00,1.00,1.00,1.00,1.00,1.00,2840.00,2840.00,2272.00,1988.00,1704.00,1420.00,1136.00,852.00,568.00,493.74,493.91
2850,0.86,0.86,0.99,1.00,1.00,1.00,1.00,1.00,1.00,1.00,1.00,2850.00,2850.00,2280.00,1995.00,1710.00,1425.00,1140.00,855.00,570.00,495.62,496.91
2860,0.86,0.86,0.99,1.00,1.00,1.00,1.00,1.00,1.00,1.00,1.00,2860.00,2860.00,2288.00,2002.00,1716.00,1430.00,1144.00,858.00,572.00,497.23,497.60
2870,0.86,0.86,0.99,1.00,1.00,1.00,1.00,1.00,1.00,1.00,1.00,2870.00,2870.00,2296.00,2009.00,1722.00,1435.00,1148.00,861.00,574.00,499.70,497.91
2880,0.86,0.86,0.99,1.00,1.00,1.00,1.00,1.00,1.00,1.00,1.00,2880.00,2880.00,2304.00,2016.00,1728.00,1440.00,1152.00,864.00,576.00,501.09,500.89
2890,0.86,0.86,0.99,1.00,1.00,1.00,1.00,1.00,1.00,1.00,1.00,2890.00,2890.00,2312.00,2023.00,1734.00,1445.00,1156.00,867.00,578.00,504.18,502.07
2900,0.86,0.86,0.99,1.00,1.00,1.00,1.00,1.00,1.00,1.00,1.00,2900.00,2900.00,2320.00,2030.00,1740.00,1450.00,1160.00,870.00,580.00,505.72,502.46
2910,0.86,0.86,0.99,1.00,1.00,1.00,1.00,1.00,1.00,1.00,1.00,2910.00,2910.00,2328.00,2037.00,1746.00,1455.00,1164.00,873.00,582.00,505.22,506.72
2920,0.86,0.86,0.99,1.00,1.00,1.00,1.00,1.00,1.00,1.00,1.00,2920.00,2920.00,2336.00,2044.00,1752.00,1460.00,1168.00,876.00,584.00,507.17,506.75
2930,0.86,0.86,0.99,1.00,1.00,1.00,1.00,1.00,1.00,1.00,1.00,2930.00,2930.00,2344.00,2051.00,1758.00,1465.00,1172.00,879.00,586.00,511.28,510.77
2940,0.86,0.86,0.99,1.00,1.00,1.00,1.00,1.00,1.00,1.00,1.00,2940.00,2940.00,2352.00,2058.00,1764.00,1470.00,1176.00,882.00,588.00,512.11,512.37
2950,0.86,0.86,0.99,1.00,1.00,1.00,1.00,1.00,1.00,1.00,1.00,2950.00,2950.00,2360.00,2065.00,1770.00,1475.00,1180.00,885.00,590.00,512.96,512.03
2960,0.86,0.86,0.99,1.00,1.00,1.00,1.00,1.00,1.00,1.00,1.00,2960.00,2960.00,2368.00,2072.00,1776.00,1480.00,1184.00,888.00,592.00,515.16,514.49
2970,0.86,0.86,0.99,1.00,1.00,1.00,1.00,1.00,1.00,1.00,1.00,2970.00,2970.00,2376.00,2079.00,1782.00,1485.00,1188.00,891.00,594.00,515.43,516.79
2980,0.86,0.86,0.99,1.00,1.00,1.00,1.00,1.00,1.00,1.00,1.00,2980.00,2980.00,2384.00,2086.00,1788.00,1490.00,1192.00,894.00,596.00,518.44,517.55
2990,0.86,0.86,0.99,1.00,1.00,1.00,1.00,1.00,1.00,1.00,1.00,2990.00,2990.00,2392.00,2093.00,1794.00,1495.00,1196.00,897.00,598.00,518.66,519.75
3000,0.86,0.86,0.99,1.00,1.00,1.00,1.00,1.00,1.00,1.00,1.00,3000.00,3000.00,2400.00,2100.00,1800.00,1500.00,1200.00,900.00,600.00,521.94,521.97
3010,0.86,0.86,0.99,1.00,1.00,1.00,1.00,1.00,1.00,1.00,1.00,3010.00,3010.00,2408.00,2107.00,1806.00,1505.00,1204.00,903.00,602.00,526.03,525.63
3020,0.86,0.86,0.99,1.00,1.00,1.00,1.00,1.00,1.00,1.00,1.00,3020.00,3020.00,2416.00,2114.00,1812.00,1510.00,1208.00,906.00,604.00,525.07,524.22
3030,0.87,0.86,0.99,1.00,1.00,1.00,1.00,1.00,1.00,1.00,1.00,3030.00,3030.00,2424.00,2121.00,1818.00,1515.00,1212.00,909.00,606.00,526.83,527.75
3040,0.87,0.86,0.99,1.00,1.00,1.00,1.00,1.00,1.00,1.00,1.00,3040.00,3040.00,2432.00,2128.00,1824.00,1520.00,1216.00,912.00,608.00,526.85,528.59
3050,0.86,0.87,0.99,1.00,1.00,1.00,1.00,1.00,1.00,1.00,1.00,3050.00,3050.00,2440.00,2135.00,1830.00,1525.00,1220.00,915.00,610.00,530.02,530.12
3060,0.87,0.87,0.99,1.00,1.00,1.00,1.00,1.00,1.00,1.00,1.00,3060.00,3060.00,2448.00,2142.00,1836.00,1530.00,1224.00,918.00,612.00,532.11,533.12
3070,0.86,0.86,0.99,1.00,1.00,1.00,1.00,1.00,1.00,1.00,1.00,3070.00,3070.00,2456.00,2149.00,1842.00,1535.00,1228.00,921.00,614.00,537.37,534.64
3080,0.87,0.87,0.99,1.00,1.00,1.00,1.00,1.00,1.00,1.00,1.00,3080.00,3080.00,2464.00,2156.00,1848.00,1540.00,1232.00,924.00,616.00,536.51,535.13
3090,0.87,0.87,1.00,1.00,1.00,1.00,1.00,1.00,1.00,1.00,1.00,3090.00,3090.00,2472.00,2163.00,1854.00,1545.00,1236.00,927.00,618.00,536.10,537.31
3100,0.87,0.87,0.99,1.00,1.00,1.00,1.00,1.00,1.00,1.00,1.00,3100.00,3100.00,2480.00,2170.00,1860.00,1550.00,1240.00,930.00,620.00,539.29,539.37
3110,0.87,0.87,0.99,1.00,1.00,1.00,1.00,1.00,1.00,1.00,1.00,3110.00,3110.00,2488.00,2177.00,1866.00,1555.00,1244.00,933.00,622.00,541.95,541.04
3120,0.87,0.87,0.99,1.00,1.00,1.00,1.00,1.00,1.00,1.00,1.00,3120.00,3120.00,2496.00,2184.00,1872.00,1560.00,1248.00,936.00,624.00,542.13,543.35
3130,0.87,0.87,0.99,1.00,1.00,1.00,1.00,1.00,1.00,1.00,1.00,3130.00,3130.00,2504.00,2191.00,1878.00,1565.00,1252.00,939.00,626.00,543.75,544.58
3140,0.87,0.87,0.99,1.00,1.00,1.00,1.00,1.00,1.00,1.00,1.00,3140.00,3140.00,2512.00,2198.00,1884.00,1570.00,1256.00,942.00,628.00,547.15,546.52
3150,0.87,0.87,1.00,1.00,1.00,1.00,1.00,1.00,1.00,1.00,1.00,3150.00,3150.00,2520.00,2205.00,1890.00,1575.00,1260.00,945.00,630.00,549.11,548.38
3160,0.87,0.87,0.99,1.00,1.00,1.00,1.00,1.00,1.00,1.00,1.00,3160.00,3160.00,2528.00,2212.00,1896.00,1580.00,1264.00,948.00,632.00,549.75,549.78
3170,0.87,0.87,0.99,1.00,1.00,1.00,1.00,1.00,1.00,1.00,1.00,3170.00,3170.00,2536.00,2219.00,1902.00,1585.00,1268.00,951.00,634.00,551.75,549.57
3180,0.87,0.87,0.99,1.00,1.00,1.00,1.00,1.00,1.00,1.00,1.00,3180.00,3180.00,2544.00,2226.00,1908.00,1590.00,1272.00,954.00,636.00,552.03,554.28
3190,0.87,0.87,1.00,1.00,1.00,1.00,1.00,1.00,1.00,1.00,1.00,3190.00,3190.00,2552.00,2233.00,1914.00,1595.00,1276.00,957.00,638.00,554.98,555.35
3200,0.87,0.87,0.99,1.00,1.00,1.00,1.00,1.00,1.00,1.00,1.00,3200.00,3200.00,2560.00,2240.00,1920.00,1600.00,1280.00,960.00,640.00,556.95,557.89
3210,0.87,0.87,1.00,1.00,1.00,1.00,1.00,1.00,1.00,1.00,1.00,3210.00,3210.00,2568.00,2247.00,1926.00,1605.00,1284.00,963.00,642.00,559.07,559.26
3220,0.87,0.87,0.99,1.00,1.00,1.00,1.00,1.00,1.00,1.00,1.00,3220.00,3220.00,2576.00,2254.00,1932.00,1610.00,1288.00,966.00,644.00,559.39,560.78
3230,0.87,0.87,0.99,1.00,1.00,1.00,1.00,1.00,1.00,1.00,1.00,3230.00,3230.00,2584.00,2261.00,1938.00,1615.00,1292.00,969.00,646.00,565.70,561.05
3240,0.87,0.87,1.00,1.00,1.00,1.00,1.00,1.00,1.00,1.00,1.00,3240.00,3240.00,2592.00,2268.00,1944.00,1620.00,1296.00,972.00,648.00,563.17,562.44
3250,0.87,0.87,0.99,1.00,1.00,1.00,1.00,1.00,1.00,1.00,1.00,3250.00,3250.00,2600.00,2275.00,1950.00,1625.00,1300.00,975.00,650.00,563.13,565.27
3260,0.87,0.87,1.00,1.00,1.00,1.00,1.00,1.00,1.00,1.00,1.00,3260.00,3260.00,2608.00,2282.00,1956.00,1630.00,1304.00,978.00,652.00,568.01,567.44
3270,0.87,0.87,1.00,1.00,1.00,1.00,1.00,1.00,1.00,1.00,1.00,3270.00,3270.00,2616.00,2289.00,1962.00,1635.00,1308.00,981.00,654.00,570.12,569.85
3280,0.87,0.88,1.00,1.00,1.00,1.00,1.00,1.00,1.00,1.00,1.00,3280.00,3280.00,2624.00,2296.00,1968.00,1640.00,1312.00,984.00,656.00,570.36,570.89
3290,0.87,0.87,0.99,1.00,1.00,1.00,1.00,1.00,1.00,1.00,1.00,3290.00,3290.00,2632.00,2303.00,1974.00,1645.00,1316.00,987.00,658.00,571.07,573.59
3300,0.88,0.87,0.99,1.00,1.00,1.00,1.00,1.00,1.00,1.00,1.00,3300.00,3300.00,2640.00,2310.00,1980.00,1650.00,1320.00,990.00,660.00,574.00,574.11
3310,0.88,0.88,1.00,1.00,1.00,1.00,1.00,1.00,1.00,1.00,1.00,3310.00,3310.00,2648.00,2317.00,1986.00,1655.00,1324.00,993.00,662.00,575.71,575.66
3320,0.87,0.88,0.99,1.00,1.00,1.00,1.00,1.00,1.00,1.00,1.00,3320.00,3320.00,2656.00,2324.00,1992.00,1660.00,1328.00,996.00,664.00,578.59,576.24
3330,0.88,0.87,1.00,1.00,1.00,1.00,1.00,1.00,1.00,1.00,1.00,3330.00,3330.00,2664.00,2331.00,1998.00,1665.00,1332.00,999.00,666.00,578.59,577.40
3340,0.88,0.88,1.00,1.00,1.00,1.00,1.00,1.00,1.00,1.00,1.00,3340.00,3340.00,2672.00,2338.00,2004.00,1670.00,1336.00,1002.00,668.00,581.21,581.39
3350,0.88,0.88,1.00,1.00,1.00,1.00,1.00,1.00,1.00,1.00,1.00,3350.00,3350.00,2680.00,2345.00,2010.00,1675.00,1340.00,1005.00,670.00,583.34,582.33
3360,0.88,0.87,0.99,1.00,1.00,1.00,1.00,1.00,1.00,1.00,1.00,3360.00,3360.00,2688.00,2352.00,2016.00,1680.00,1344.00,1008.00,672.00,584.73,584.05
3370,0.88,0.88,1.00,1.00,1.00,1.00,1.00,1.00,1.00,1.00,1.00,3370.00,3370.00,2696.00,2359.00,2022.00,1685.00,1348.00,1011.00,674.01,585.73,585.36
3380,0.88,0.88,1.00,1.00,1.00,1.00,1.00,1.00,1.00,1.00,1.00,3380.00,3380.00,2704.00,2366.00,2028.00,1690.00,1352.00,1014.00,676.00,585.45,587.99
3390,0.88,0.88,1.00,1.00,1.00,1.00,1.00,1.00,1.00,1.00,1.00,3390.00,3390.00,2712.00,2373.00,2034.00,1695.00,1356.00,1017.00,678.00,589.69,588.01
3400,0.88,0.88,1.00,1.00,1.00,1.00,1.00,1.00,1.00,1.00,1.00,3400.00,3400.00,2720.00,2380.00,2040.00,1700.00,1360.00,1020.00,680.00,592.87,592.59
3410,0.88,0.88,1.00,1.00,1.00,1.00,1.00,1.00,1.00,1.00,1.00,3410.00,3410.00,2728.00,2387.00,2046.00,1705.00,1364.00,1023.00,682.00,595.00,592.82
3420,0.88,0.88,0.99,1.00,1.00,1.00,1.00,1.00,1.00,1.00,1.00,3420.00,3420.00,2736.00,2394.00,2052.00,1710.00,1368.00,1026.00,684.00,595.43,592.67
3430,0.88,0.88,1.00,1.00,1.00,1.00,1.00,1.00,1.00,1.00,1.00,3430.00,3430.00,2744.00,2401.00,2058.00,1715.00,1372.00,1029.00,686.00,596.48,595.73
3440,0.88,0.88,1.00,1.00,1.00,1.00,1.00,1.00,1.00,1.00,1.00,3440.00,3440.00,2752.00,2408.00,2064.00,1720.00,1376.00,1032.00,688.00,599.09,598.85
3450,0.88,0.88,1.00,1.00,1.00,1.00,1.00,1.00,1.00,1.00,1.00,3450.00,3450.00,2760.00,2415.00,2070.00,1725.00,1380.00,1035.00,690.00,599.93,598.89
3460,0.88,0.88,1.00,1.00,1.00,1.00,1.00,1.00,1.00,1.00,1.00,3460.00,3460.00,2768.00,2422.00,2076.00,1730.00,1384.00,1038.00,692.00,603.74,603.51
3470,0.88,0.88,1.00,1.00,1.00,1.00,1.00,1.00,1.00,1.00,1.00,3470.00,3470.00,2776.00,2429.00,2082.00,1735.00,1388.00,1041.00,694.00,601.99,602.51
3480,0.88,0.88,1.00,1.00,1.00,1.00,1.00,1.00,1.00,1.00,1.00,3480.00,3480.00,2784.00,2436.00,2088.00,1740.00,1392.00,1044.00,696.00,605.29,605.11
3490,0.88,0.88,1.00,1.00,1.00,1.00,1.00,1.00,1.00,1.00,1.00,3490.00,3490.00,2792.00,2443.00,2094.00,1745.00,1396.00,1047.00,698.00,606.87,607.46
3500,0.88,0.88,1.00,1.00,1.00,1.00,1.00,1.00,1.00,1.00,1.00,3500.00,3500.00,2800.00,2450.00,2100.00,1750.00,1400.00,1050.00,700.00,610.36,610.56
3510,0.88,0.88,1.00,1.00,1.00,1.00,1.00,1.00,1.00,1.00,1.00,3510.00,3510.00,2808.00,2457.00,2106.00,1755.00,1404.00,1053.00,702.00,611.17,610.64
3520,0.88,0.88,1.00,1.00,1.00,1.00,1.00,1.00,1.00,1.00,1.00,3520.00,3520.00,2816.00,2464.00,2112.00,1760.00,1408.00,1056.00,704.00,613.39,612.93
3530,0.88,0.88,1.00,1.00,1.00,1.00,1.00,1.00,1.00,1.00,1.00,3530.00,3530.00,2824.00,2471.00,2118.00,1765.00,1412.00,1059.00,706.00,614.22,616.05
3540,0.88,0.88,1.00,1.00,1.00,1.00,1.00,1.00,1.00,1.00,1.00,3540.00,3540.00,2832.00,2478.00,2124.00,1770.00,1416.00,1062.00,708.00,615.42,616.46
3550,0.88,0.88,1.00,1.00,1.00,1.00,1.00,1.00,1.00,1.00,1.00,3550.00,3550.00,2840.00,2485.00,2130.00,1775.00,1420.00,1065.00,710.00,619.28,617.54
3560,0.88,0.88,1.00,1.00,1.00,1.00,1.00,1.00,1.00,1.00,1.00,3560.00,3560.00,2848.00,2492.00,2136.00,1780.00,1424.00,1068.00,712.00,620.17,618.64
3570,0.88,0.88,1.00,1.00,1.00,1.00,1.00,1.00,1.00,1.00,1.00,3570.00,3570.00,2856.00,2499.00,2142.00,1785.00,1428.00,1071.00,714.00,620.55,620.13
3580,0.89,0.88,1.00,1.00,1.00,1.00,1.00,1.00,1.00,1.00,1.00,3580.00,3580.00,2864.00,2506.00,2148.00,1790.00,1432.00,1074.00,716.00,622.50,622.36
3590,0.89,0.89,1.00,1.00,1.00,1.00,1.00,1.00,1.00,1.00,1.00,3590.00,3590.00,2872.00,2513.00,2154.00,1795.00,1436.00,1077.00,718.00,625.29,624.11
3600,0.88,0.89,1.00,1.00,1.00,1.00,1.00,1.00,1.00,1.00,1.00,3600.00,3600.00,2880.00,2520.00,2160.00,1800.00,1440.00,1080.00,720.00,626.65,626.63
3610,0.88,0.89,0.99,1.00,1.00,1.00,1.00,1.00,1.00,1.00,1.00,3610.00,3610.00,2888.00,2527.00,2166.00,1805.00,1444.00,1083.00,722.00,627.75,626.82
3620,0.88,0.88,1.00,1.00,1.00,1.00,1.00,1.00,1.00,1.00,1.00,3620.00,3620.00,2896.00,2534.00,2172.00,1810.00,1448.00,1086.00,724.00,631.98,630.94
3630,0.89,0.89,1.00,1.00,1.00,1.00,1.00,1.00,1.00,1.00,1.00,3630.00,3630.00,2904.00,2541.00,2178.00,1815.00,1452.00,1089.00,726.00,631.64,631.93
3640,0.88,0.89,1.00,1.00,1.00,1.00,1.00,1.00,1.00,1.00,1.00,3640.00,3640.00,2912.00,2548.00,2184.00,1820.00,1456.00,1092.00,728.00,634.60,633.73
3650,0.89,0.89,1.00,1.00,1.00,1.00,1.00,1.00,1.00,1.00,1.00,3650.00,3650.00,2920.00,2555.00,2190.00,1825.00,1460.00,1095.00,730.00,634.53,634.54
3660,0.89,0.89,0.99,1.00,1.00,1.00,1.00,1.00,1.00,1.00,1.00,3660.00,3660.00,2928.00,2562.00,2196.00,1830.00,1464.00,1098.00,732.00,637.57,635.85
3670,0.89,0.89,1.00,1.00,1.00,1.00,1.00,1.00,1.00,1.00,1.00,3670.00,3670.00,2936.00,2569.00,2202.00,1835.00,1468.00,1101.00,734.00,638.74,638.22
3680,0.89,0.89,1.00,1.00,1.00,1.00,1.00,1.00,1.00,1.00,1.00,3680.00,3680.00,2944.00,2576.00,2208.00,1840.00,1472.00,1104.00,736.00,639.88,638.46
3690,0.89,0.89,1.00,1.00,1.00,1.00,1.00,1.00,1.00,1.00,1.00,3690.00,3690.00,2952.00,2583.00,2214.00,1845.00,1476.00,1107.00,738.00,642.02,642.49
3700,0.89,0.89,1.00,1.00,1.00,1.00,1.00,1.00,1.00,1.00,1.00,3700.00,3700.00,2960.00,2590.00,2220.00,1850.00,1480.00,1110.00,740.00,644.18,641.50
3710,0.89,0.89,1.00,1.00,1.00,1.00,1.00,1.00,1.00,1.00,1.00,3710.00,3710.00,2968.00,2597.00,2226.00,1855.00,1484.00,1113.00,742.00,645.26,644.27
3720,0.89,0.89,1.00,1.00,1.00,1.00,1.00,1.00,1.00,1.00,1.00,3720.00,3720.00,2976.00,2604.00,2232.00,1860.00,1488.00,1116.00,744.00,646.39,647.16
3730,0.89,0.89,1.00,1.00,1.00,1.00,1.00,1.00,1.00,1.00,1.00,3730.00,3730.00,2984.00,2611.00,2238.00,1865.00,1492.00,1119.00,746.00,648.26,648.79
3740,0.89,0.89,1.00,1.00,1.00,1.00,1.00,1.00,1.00,1.00,1.00,3740.00,3740.00,2992.00,2618.00,2244.00,1870.00,1496.00,1122.00,748.00,649.87,652.79
3750,0.89,0.89,1.00,1.00,1.00,1.00,1.00,1.00,1.00,1.00,1.00,3750.00,3750.00,3000.00,2625.00,2250.00,1875.00,1500.00,1125.00,750.00,651.55,652.28
3760,0.89,0.89,1.00,1.00,1.00,1.00,1.00,1.00,1.00,1.00,1.00,3760.00,3760.00,3008.00,2632.00,2256.00,1880.00,1504.00,1128.00,752.00,654.95,654.45
3770,0.89,0.89,1.00,1.00,1.00,1.00,1.00,1.00,1.00,1.00,1.00,3770.00,3770.00,3016.00,2639.00,2262.00,1885.00,1508.00,1131.00,754.00,656.04,657.02
3780,0.89,0.89,1.00,1.00,1.00,1.00,1.00,1.00,1.00,1.00,1.00,3780.00,3780.00,3024.00,2646.00,2268.00,1890.00,1512.00,1134.00,756.00,658.68,657.67
3790,0.89,0.89,1.00,1.00,1.00,1.00,1.00,1.00,1.00,1.00,1.00,3790.00,3790.00,3032.00,2653.00,2274.00,1895.00,1516.00,1137.00,758.00,658.03,659.17
3800,0.89,0.89,1.00,1.00,1.00,1.00,1.00,1.00,1.00,1.00,1.00,3800.00,3800.00,3040.00,2660.00,2280.00,1900.00,1520.00,1140.00,760.00,660.53,661.62
3810,0.89,0.89,1.00,1.00,1.00,1.00,1.00,1.00,1.00,1.00,1.00,3810.00,3810.00,3048.00,2667.00,2286.00,1905.00,1524.00,1143.00,762.00,663.36,663.38
3820,0.89,0.89,1.00,1.00,1.00,1.00,1.00,1.00,1.00,1.00,1.00,3820.00,3820.00,3056.00,2674.00,2292.00,1910.00,1528.00,1146.00,764.00,664.39,663.74
3830,0.89,0.89,1.00,1.00,1.00,1.00,1.00,1.00,1.00,1.00,1.00,3830.00,3830.00,3064.00,2681.00,2298.00,1915.00,1532.00,1149.00,766.00,665.07,665.90
3840,0.89,0.89,1.00,1.00,1.00,1.00,1.00,1.00,1.00,1.00,1.00,3840.00,3840.00,3072.00,2688.00,2304.00,1920.00,1536.00,1152.00,768.00,667.96,666.46
3850,0.89,0.89,1.00,1.00,1.00,1.00,1.00,1.00,1.00,1.00,1.00,3850.00,3850.00,3080.00,2695.00,2310.00,1925.00,1540.00,1155.00,770.00,668.53,668.94
3860,0.89,0.89,1.00,1.00,1.00,1.00,1.00,1.00,1.00,1.00,1.00,3860.00,3860.00,3088.00,2702.00,2316.00,1930.00,1544.00,1158.00,772.00,672.63,671.93
3870,0.89,0.89,1.00,1.00,1.00,1.00,1.00,1.00,1.00,1.00,1.00,3870.00,3870.00,3096.00,2709.00,2322.00,1935.00,1548.00,1161.00,774.00,673.95,672.26
3880,0.89,0.89,1.00,1.00,1.00,1.00,1.00,1.00,1.00,1.00,1.00,3880.00,3880.00,3104.00,2716.00,2328.00,1940.00,1552.00,1164.00,776.00,675.85,673.52
3890,0.89,0.89,1.00,1.00,1.00,1.00,1.00,1.00,1.00,1.00,1.00,3890.00,3890.00,3112.00,2723.00,2334.00,1945.00,1556.00,1167.00,778.00,677.04,676.27
3900,0.89,0.89,1.00,1.00,1.00,1.00,1.00,1.00,1.00,1.00,1.00,3900.00,3900.00,3120.00,2730.00,2340.00,1950.00,1560.00,1170.00,780.00,677.04,679.48
3910,0.89,0.90,1.00,1.00,1.00,1.00,1.00,1.00,1.00,1.00,1.00,3910.00,3910.00,3128.00,2737.00,2346.00,1955.00,1564.00,1173.00,782.00,678.77,680.27
3920,0.89,0.89,1.00,1.00,1.00,1.00,1.00,1.00,1.00,1.00,1.00,3920.00,3920.00,3136.00,2744.00,2352.00,1960.00,1568.00,1176.00,784.00,681.87,680.73
3930,0.89,0.90,1.00,1.00,1.00,1.00,1.00,1.00,1.00,1.00,1.00,3930.00,3930.00,3144.00,2751.00,2358.00,1965.00,1572.00,1179.00,786.00,683.67,683.30
3940,0.90,0.89,1.00,1.00,1.00,1.00,1.00,1.00,1.00,1.00,1.00,3940.00,3940.00,3152.00,2758.00,2364.00,1970.00,1576.00,1182.00,788.00,684.58,683.29
3950,0.90,0.90,1.00,1.00,1.00,1.00,1.00,1.00,1.00,1.00,1.00,3950.00,3950.00,3160.00,2765.00,2370.00,1975.00,1580.00,1185.00,790.00,686.76,687.45
3960,0.89,0.90,1.00,1.00,1.00,1.00,1.00,1.00,1.00,1.00,1.00,3960.00,3960.00,3168.00,2772.00,2376.00,1980.00,1584.00,1188.00,792.00,687.83,688.49
3970,0.90,0.90,1.00,1.00,1.00,1.00,1.00,1.00,1.00,1.00,1.00,3970.00,3970.00,3176.00,2779.00,2382.00,1985.00,1588.00,1191.00,794.00,690.71,689.64
3980,0.90,0.90,1.00,1.00,1.00,1.00,1.00,1.00,1.00,1.00,1.00,3980.00,3980.00,3184.00,2786.00,2388.00,1990.00,1592.00,1194.00,796.00,692.56,692.37
3990,0.90,0.90,1.00,1.00,1.00,1.00,1.00,1.00,1.00,1.00,1.00,3990.00,3990.00,3192.00,2793.00,2394.00,1995.00,1596.00,1197.00,798.00,691.22,694.05
4000,0.90,0.90,1.00,1.00,1.00,1.00,1.00,1.00,1.00,1.00,1.00,4000.00,4000.00,3200.00,2800.00,2400.00,2000.00,1600.00,1200.00,800.00,694.85,695.91
4010,0.90,0.90,1.00,1.00,1.00,1.00,1.00,1.00,1.00,1.00,1.00,4010.00,4010.00,3208.00,2807.00,2406.00,2005.00,1604.00,1203.00,802.00,697.85,698.41
4020,0.90,0.90,1.00,1.00,1.00,1.00,1.00,1.00,1.00,1.00,1.00,4020.00,4020.00,3216.00,2814.00,2412.00,2010.00,1608.00,1206.00,804.00,700.59,697.48
4030,0.90,0.90,1.00,1.00,1.00,1.00,1.00,1.00,1.00,1.00,1.00,4030.00,4030.00,3224.00,2821.00,2418.00,2015.00,1612.00,1209.00,806.00,701.30,702.01
4040,0.90,0.90,1.00,1.00,1.00,1.00,1.00,1.00,1.00,1.00,1.00,4040.00,4040.00,3232.00,2828.00,2424.00,2020.00,1616.00,1212.00,808.00,704.24,702.33
4050,0.90,0.90,1.00,1.00,1.00,1.00,1.00,1.00,1.00,1.00,1.00,4050.00,4050.00,3240.00,2835.00,2430.00,2025.00,1620.00,1215.00,810.00,704.45,703.38
4060,0.90,0.90,1.00,1.00,1.00,1.00,1.00,1.00,1.00,1.00,1.00,4060.00,4060.00,3248.00,2842.00,2436.00,2030.00,1624.00,1218.00,812.00,706.66,706.99
4070,0.90,0.90,1.00,1.00,1.00,1.00,1.00,1.00,1.00,1.00,1.00,4070.00,4070.00,3256.00,2849.00,2442.00,2035.00,1628.00,1221.00,814.00,707.15,706.34
4080,0.90,0.90,1.00,1.00,1.00,1.00,1.00,1.00,1.00,1.00,1.00,4080.00,4080.00,3264.00,2856.00,2448.00,2040.00,1632.00,1224.00,816.00,709.67,710.34
4090,0.90,0.90,1.00,1.00,1.00,1.00,1.00,1.00,1.00,1.00,1.00,4090.00,4090.00,3272.00,2863.00,2454.00,2045.00,1636.00,1227.00,818.00,713.19,712.53
4100,0.90,0.90,1.00,1.00,1.00,1.00,1.00,1.00,1.00,1.00,1.00,4100.00,4100.00,3280.00,2870.00,2460.00,2050.00,1640.00,1230.00,820.00,713.21,712.36
4110,0.90,0.90,1.00,1.00,1.00,1.00,1.00,1.00,1.00,1.00,1.00,4110.00,4110.00,3288.00,2877.00,2466.00,2055.00,1644.00,1233.00,822.00,714.93,714.18
4120,0.90,0.90,1.00,1.00,1.00,1.00,1.00,1.00,1.00,1.00,1.00,4120.00,4120.00,3296.00,2884.00,2472.00,2060.00,1648.00,1236.00,824.00,715.86,716.54
4130,0.90,0.90,1.00,1.00,1.00,1.00,1.00,1.00,1.00,1.00,1.00,4130.00,4130.00,3304.00,2891.00,2478.00,2065.00,1652.00,1239.00,826.00,717.50,718.24
4140,0.90,0.90,1.00,1.00,1.00,1.00,1.00,1.00,1.00,1.00,1.00,4140.00,4140.00,3312.00,2898.00,2484.00,2070.00,1656.00,1242.00,828.00,720.70,719.11
4150,0.90,0.90,1.00,1.00,1.00,1.00,1.00,1.00,1.00,1.00,1.00,4150.00,4150.00,3320.00,2905.00,2490.00,2075.00,1660.00,1245.00,830.00,720.05,723.35
4160,0.90,0.90,1.00,1.00,1.00,1.00,1.00,1.00,1.00,1.00,1.00,4160.00,4160.00,3328.00,2912.00,2496.00,2080.00,1664.00,1248.00,832.00,725.27,724.35
4170,0.90,0.90,1.00,1.00,1.00,1.00,1.00,1.00,1.00,1.00,1.00,4170.00,4170.00,3336.00,2919.00,2502.00,2085.00,1668.00,1251.00,834.00,724.45,724.80
4180,0.90,0.90,1.00,1.00,1.00,1.00,1.00,1.00,1.00,1.00,1.00,4180.00,4180.00,3344.00,2926.00,2508.00,2090.00,1672.00,1254.00,836.00,728.60,727.32
4190,0.90,0.90,1.00,1.00,1.00,1.00,1.00,1.00,1.00,1.00,1.00,4190.00,4190.00,3352.00,2933.00,2514.00,2095.00,1676.00,1257.00,838.00,730.45,727.96
4200,0.90,0.90,1.00,1.00,1.00,1.00,1.00,1.00,1.00,1.00,1.00,4200.00,4200.00,3360.00,2940.00,2520.00,2100.00,1680.00,1260.00,840.00,729.44,730.66
4210,0.90,0.90,1.00,1.00,1.00,1.00,1.00,1.00,1.00,1.00,1.00,4210.00,4210.00,3368.00,2947.00,2526.00,2105.00,1684.00,1263.00,842.00,732.75,732.84
4220,0.90,0.90,1.00,1.00,1.00,1.00,1.00,1.00,1.00,1.00,1.00,4220.00,4220.00,3376.00,2954.00,2532.00,2110.00,1688.00,1266.00,844.00,734.99,735.75
4230,0.90,0.90,1.00,1.00,1.00,1.00,1.00,1.00,1.00,1.00,1.00,4230.00,4230.00,3384.00,2961.00,2538.00,2115.00,1692.00,1269.00,846.00,736.18,737.87
4240,0.90,0.91,1.00,1.00,1.00,1.00,1.00,1.00,1.00,1.00,1.00,4240.00,4240.00,3392.00,2968.00,2544.00,2120.00,1696.00,1272.00,848.00,738.04,735.82
4250,0.90,0.90,1.00,1.00,1.00,1.00,1.00,1.00,1.00,1.00,1.00,4250.00,4250.00,3400.00,2975.00,2550.00,2125.00,1700.00,1275.00,850.00,741.60,739.37
4260,0.90,0.90,1.00,1.00,1.00,1.00,1.00,1.00,1.00,1.00,1.00,4260.00,4260.00,3408.00,2982.00,2556.00,2130.00,1704.00,1278.00,852.00,741.01,741.72
4270,0.90,0.90,1.00,1.00,1.00,1.00,1.00,1.00,1.00,1.00,1.00,4270.00,4270.00,3416.00,2989.00,2562.00,2135.00,1708.00,1281.00,854.00,742.82,743.95
4280,0.90,0.90,1.00,1.00,1.00,1.00,1.00,1.00,1.00,1.00,1.00,4280.00,4280.00,3424.00,2996.00,2568.00,2140.00,1712.00,1284.00,856.00,744.74,744.97
4290,0.91,0.91,1.00,1.00,1.00,1.00,1.00,1.00,1.00,1.00,1.00,4290.00,4290.00,3432.00,3003.00,2574.00,2145.00,1716.00,1287.00,858.00,748.03,748.08
4300,0.90,0.90,1.00,1.00,1.00,1.00,1.00,1.00,1.00,1.00,1.00,4300.00,4300.00,3440.00,3010.00,2580.00,2150.00,1720.00,1290.00,860.00,748.07,748.12
4310,0.91,0.91,1.00,1.00,1.00,1.00,1.00,1.00,1.00,1.00,1.00,4310.00,4310.00,3448.00,3017.00,2586.00,2155.00,1724.00,1293.00,862.00,747.86,750.76
4320,0.90,0.90,1.00,1.00,1.00,1.00,1.00,1.00,1.00,1.00,1.00,4320.00,4320.00,3456.00,3024.00,2592.00,2160.00,1728.00,1296.00,864.00,751.40,751.87
4330,0.90,0.91,1.00,1.00,1.00,1.00,1.00,1.00,1.00,1.00,1.00,4330.00,4330.00,3464.00,3031.00,2598.00,2165.00,1732.00,1299.00,866.00,754.40,753.91
4340,0.90,0.91,1.00,1.00,1.00,1.00,1.00,1.00,1.00,1.00,1.00,4340.00,4340.00,3472.00,3038.00,2604.00,2170.00,1736.00,1302.00,868.00,755.67,756.44
4350,0.91,0.91,1.00,1.00,1.00,1.00,1.00,1.00,1.00,1.00,1.00,4350.00,4350.00,3480.00,3045.00,2610.00,2175.00,1740.00,1305.00,870.00,758.03,755.84
4360,0.91,0.91,1.00,1.00,1.00,1.00,1.00,1.00,1.00,1.00,1.00,4360.00,4360.00,3488.00,3052.00,2616.00,2180.00,1744.00,1308.00,872.00,758.26,759.20
4370,0.91,0.91,1.00,1.00,1.00,1.00,1.00,1.00,1.00,1.00,1.00,4370.00,4370.00,3496.00,3059.00,2622.00,2185.00,1748.00,1311.00,874.00,759.75,760.16
4380,0.91,0.91,1.00,1.00,1.00,1.00,1.00,1.00,1.00,1.00,1.00,4380.00,4380.00,3504.00,3066.00,2628.00,2190.00,1752.00,1314.00,876.00,761.44,761.40
4390,0.91,0.91,1.00,1.00,1.00,1.00,1.00,1.00,1.00,1.00,1.00,4390.00,4390.00,3512.00,3073.00,2634.00,2195.00,1756.00,1317.00,878.00,764.83,762.66
4400,0.91,0.91,1.00,1.00,1.00,1.00,1.00,1.00,1.00,1.00,1.00,4400.00,4400.00,3520.00,3080.00,2640.00,2200.00,1760.00,1320.00,880.00,765.22,766.29
4410,0.91,0.91,1.00,1.00,1.00,1.00,1.00,1.00,1.00,1.00,1.00,4410.00,4410.00,3528.00,3087.00,2646.00,2205.00,1764.00,1323.00,882.00,766.36,768.30
4420,0.91,0.91,1.00,1.00,1.00,1.00,1.00,1.00,1.00,1.00,1.00,4420.00,4420.00,3536.00,3094.00,2652.00,2210.00,1768.00,1326.00,884.00,767.21,768.60
4430,0.91,0.91,1.00,1.00,1.00,1.00,1.00,1.00,1.00,1.00,1.00,4430.00,4430.00,3544.00,3101.00,2658.00,2215.00,1772.00,1329.00,886.00,771.72,770.60
4440,0.91,0.91,1.00,1.00,1.00,1.00,1.00,1.00,1.00,1.00,1.00,4440.00,4440.00,3552.00,3108.00,2664.00,2220.00,1776.00,1332.00,888.00,774.84,772.80
4450,0.91,0.91,1.00,1.00,1.00,1.00,1.00,1.00,1.00,1.00,1.00,4450.00,4450.00,3560.00,3115.00,2670.00,2225.00,1780.00,1335.00,890.00,773.01,773.09
4460,0.91,0.91,1.00,1.00,1.00,1.00,1.00,1.00,1.00,1.00,1.00,4460.00,4460.00,3568.00,3122.00,2676.00,2230.00,1784.00,1338.00,892.00,775.48,775.89
4470,0.91,0.91,1.00,1.00,1.00,1.00,1.00,1.00,1.00,1.00,1.00,4470.00,4470.00,3576.00,3129.00,2682.00,2235.00,1788.00,1341.00,894.00,777.78,779.59
4480,0.91,0.91,1.00,1.00,1.00,1.00,1.00,1.00,1.00,1.00,1.00,4480.00,4480.00,3584.00,3136.00,2688.00,2240.00,1792.00,1344.00,896.00,780.54,779.72
4490,0.91,0.91,1.00,1.00,1.00,1.00,1.00,1.00,1.00,1.00,1.00,4490.00,4490.00,3592.00,3143.00,2694.00,2245.00,1796.00,1347.00,898.00,779.97,781.70
4500,0.91,0.91,1.00,1.00,1.00,1.00,1.00,1.00,1.00,1.00,1.00,4500.00,4500.00,3600.00,3150.00,2700.00,2250.00,1800.00,1350.00,900.00,783.11,784.71
4510,0.91,0.91,1.00,1.00,1.00,1.00,1.00,1.00,1.00,1.00,1.00,4510.00,4510.00,3608.00,3157.00,2706.00,2255.00,1804.00,1353.00,902.00,785.46,783.81
4520,0.91,0.91,1.00,1.00,1.00,1.00,1.00,1.00,1.00,1.00,1.00,4520.00,4520.00,3616.00,3164.00,2712.00,2260.00,1808.00,1356.00,904.00,784.71,787.05
4530,0.91,0.91,1.00,1.00,1.00,1.00,1.00,1.00,1.00,1.00,1.00,4530.00,4530.00,3624.00,3171.00,2718.00,2265.00,1812.00,1359.00,906.00,787.62,788.91
4540,0.91,0.91,1.00,1.00,1.00,1.00,1.00,1.00,1.00,1.00,1.00,4540.00,4540.00,3632.00,3178.00,2724.00,2270.00,1816.00,1362.00,908.00,790.55,790.61
4550,0.91,0.91,1.00,1.00,1.00,1.00,1.00,1.00,1.00,1.00,1.00,4550.00,4550.00,3640.00,3185.00,2730.00,2275.00,1820.00,1365.00,910.00,791.15,792.79
4560,0.91,0.91,1.00,1.00,1.00,1.00,1.00,1.00,1.00,1.00,1.00,4560.00,4560.00,3648.00,3192.00,2736.00,2280.00,1824.00,1368.00,912.00,794.93,792.96
4570,0.91,0.91,1.00,1.00,1.00,1.00,1.00,1.00,1.00,1.00,1.00,4570.00,4570.00,3656.00,3199.00,2742.00,2285.00,1828.00,1371.00,914.00,796.70,794.04
4580,0.91,0.91,1.00,1.00,1.00,1.00,1.00,1.00,1.00,1.00,1.00,4580.00,4580.00,3664.00,3206.00,2748.00,2290.00,1832.00,1374.00,916.00,796.99,799.46
4590,0.91,0.91,1.00,1.00,1.00,1.00,1.00,1.00,1.00,1.00,1.00,4590.00,4590.00,3672.00,3213.00,2754.00,2295.00,1836.00,1377.00,918.00,799.55,797.39
4600,0.91,0.91,1.00,1.00,1.00,1.00,1.00,1.00,1.00,1.00,1.00,4600.00,4600.00,3680.00,3220.00,2760.00,2300.00,1840.00,1380.00,920.00,801.01,800.93
4610,0.91,0.91,1.00,1.00,1.00,1.00,1.00,1.00,1.00,1.00,1.00,4610.00,4610.00,3688.00,3227.00,2766.00,2305.00,1844.00,1383.00,922.00,803.31,802.08
4620,0.91,0.91,1.00,1.00,1.00,1.00,1.00,1.00,1.00,1.00,1.00,4620.00,4620.00,3696.00,3234.00,2772.00,2310.00,1848.00,1386.00,924.00,805.00,804.69
4630,0.91,0.92,1.00,1.00,1.00,1.00,1.00,1.00,1.00,1.00,1.00,4630.00,4630.00,3704.00,3241.00,2778.00,2315.00,1852.00,1389.00,926.00,804.43,806.42
4640,0.91,0.92,1.00,1.00,1.00,1.00,1.00,1.00,1.00,1.00,1.00,4640.00,4640.00,3712.00,3248.00,2784.00,2320.00,1856.00,1392.00,928.00,810.15,810.31
4650,0.91,0.91,1.00,1.00,1.00,1.00,1.00,1.00,1.00,1.00,1.00,4650.00,4650.00,3720.00,3255.00,2790.00,2325.00,1860.00,1395.00,930.00,810.22,808.46
4660,0.91,0.91,1.00,1.00,1.00,1.00,1.00,1.00,1.00,1.00,1.00,4660.00,4660.00,3728.00,3262.00,2796.00,2330.00,1864.00,1398.00,932.00,811.04,809.71
4670,0.91,0.91,1.00,1.00,1.00,1.00,1.00,1.00,1.00,1.00,1.00,4670.00,4670.00,3736.00,3269.00,2802.00,2335.00,1868.00,1401.00,934.00,812.57,813.49
4680,0.91,0.91,1.00,1.00,1.00,1.00,1.00,1.00,1.00,1.00,1.00,4680.00,4680.00,3744.00,3276.00,2808.00,2340.00,1872.00,1404.00,936.00,813.03,812.79
4690,0.91,0.91,1.00,1.00,1.00,1.00,1.00,1.00,1.00,1.00,1.00,4690.00,4690.00,3752.00,3283.00,2814.00,2345.00,1876.00,1407.00,938.00,813.88,816.96
4700,0.91,0.91,1.00,1.00,1.00,1.00,1.00,1.00,1.00,1.00,1.00,4700.00,4700.00,3760.00,3290.00,2820.00,2350.00,1880.00,1410.00,940.00,817.42,817.85
4710,0.91,0.92,1.00,1.00,1.00,1.00,1.00,1.00,1.00,1.00,1.00,4710.00,4710.00,3768.00,3297.00,2826.00,2355.00,1884.00,1413.00,942.00,819.17,819.42
4720,0.91,0.92,1.00,1.00,1.00,1.00,1.00,1.00,1.00,1.00,1.00,4720.00,4720.00,3776.00,3304.00,2832.00,2360.00,1888.00,1416.00,944.00,821.60,819.80
4730,0.92,0.91,1.00,1.00,1.00,1.00,1.00,1.00,1.00,1.00,1.00,4730.00,4730.00,3784.00,3311.00,2838.00,2365.00,1892.00,1419.00,946.00,822.16,823.19
4740,0.92,0.92,1.00,1.00,1.00,1.00,1.00,1.00,1.00,1.00,1.00,4740.00,4740.00,3792.00,3318.00,2844.00,2370.00,1896.00,1422.00,948.00,824.90,823.55
4750,0.92,0.92,1.00,1.00,1.00,1.00,1.00,1.00,1.00,1.00,1.00,4750.00,4750.00,3800.00,3325.00,2850.00,2375.00,1900.00,1425.00,950.00,825.89,825.30
4760,0.92,0.92,1.00,1.00,1.00,1.00,1.00,1.00,1.00,1.00,1.00,4760.00,4760.00,3808.00,3332.00,2856.00,2380.00,1904.00,1428.00,952.00,830.59,827.05
4770,0.92,0.92,1.00,1.00,1.00,1.00,1.00,1.00,1.00,1.00,1.00,4770.00,4770.00,3816.00,3339.00,2862.00,2385.00,1908.00,1431.00,954.00,831.18,828.20
4780,0.92,0.92,1.00,1.00,1.00,1.00,1.00,1.00,1.00,1.00,1.00,4780.00,4780.00,3824.00,3346.00,2868.00,2390.00,1912.00,1434.00,956.00,834.15,833.05
4790,0.92,0.92,1.00,1.00,1.00,1.00,1.00,1.00,1.00,1.00,1.00,4790.00,4790.00,3832.00,3353.00,2874.00,2395.00,1916.00,1437.00,958.00,831.14,833.63
4800,0.92,0.92,1.00,1.00,1.00,1.00,1.00,1.00,1.00,1.00,1.00,4800.00,4800.00,3840.00,3360.00,2880.00,2400.00,1920.00,1440.00,960.00,836.26,833.67
4810,0.92,0.92,1.00,1.00,1.00,1.00,1.00,1.00,1.00,1.00,1.00,4810.00,4810.00,3848.00,3367.00,2886.00,2405.00,1924.00,1443.00,962.00,837.82,836.91
4820,0.92,0.92,1.00,1.00,1.00,1.00,1.00,1.00,1.00,1.00,1.00,4820.00,4820.00,3856.00,3374.00,2892.00,2410.00,1928.00,1446.00,964.00,839.82,839.66
4830,0.92,0.92,1.00,1.00,1.00,1.00,1.00,1.00,1.00,1.00,1.00,4830.00,4830.00,3864.00,3381.00,2898.00,2415.00,1932.00,1449.00,966.00,839.10,840.75
4840,0.92,0.92,1.00,1.00,1.00,1.00,1.00,1.00,1.00,1.00,1.00,4840.00,4840.00,3872.00,3388.00,2904.00,2420.00,1936.00,1452.00,968.00,840.64,839.50
4850,0.92,0.92,1.00,1.00,1.00,1.00,1.00,1.00,1.00,1.00,1.00,4850.00,4850.00,3880.00,3395.00,2910.00,2425.00,1940.00,1455.00,970.00,843.24,844.25
4860,0.92,0.92,1.00,1.00,1.00,1.00,1.00,1.00,1.00,1.00,1.00,4860.00,4860.00,3888.00,3402.00,2916.00,2430.00,1944.00,1458.00,972.00,846.10,844.01
4870,0.92,0.92,1.00,1.00,1.00,1.00,1.00,1.00,1.00,1.00,1.00,4870.00,4870.00,3896.00,3409.00,2922.00,2435.00,1948.00,1461.00,974.00,848.74,846.65
4880,0.92,0.92,1.00,1.00,1.00,1.00,1.00,1.00,1.00,1.00,1.00,4880.00,4880.00,3904.00,3416.00,2928.00,2440.00,1952.00,1464.00,976.00,848.59,851.43
4890,0.92,0.92,1.00,1.00,1.00,1.00,1.00,1.00,1.00,1.00,1.00,4890.00,4890.00,3912.00,3423.00,2934.00,2445.00,1956.00,1467.00,978.00,849.89,851.22
4900,0.92,0.92,1.00,1.00,1.00,1.00,1.00,1.00,1.00,1.00,1.00,4900.00,4900.00,3920.00,3430.00,2940.00,2450.00,1960.00,1470.00,980.00,850.59,853.52
4910,0.92,0.92,1.00,1.00,1.00,1.00,1.00,1.00,1.00,1.00,1.00,4910.00,4910.00,3928.00,3437.00,2946.00,2455.00,1964.00,1473.00,982.00,853.36,855.12
4920,0.92,0.92,1.00,1.00,1.00,1.00,1.00,1.00,1.00,1.00,1.00,4920.00,4920.00,3936.00,3444.00,2952.00,2460.00,1968.00,1476.00,984.00,857.77,856.19
4930,0.92,0.92,1.00,1.00,1.00,1.00,1.00,1.00,1.00,1.00,1.00,4930.00,4930.00,3944.00,3451.00,2958.00,2465.00,1972.00,1479.00,986.00,859.29,858.50
4940,0.92,0.92,1.00,1.00,1.00,1.00,1.00,1.00,1.00,1.00,1.00,4940.00,4940.00,3952.00,3458.00,2964.00,2470.00,1976.00,1482.00,988.00,858.50,860.39
4950,0.92,0.92,1.00,1.00,1.00,1.00,1.00,1.00,1.00,1.00,1.00,4950.00,4950.00,3960.00,3465.00,2970.00,2475.00,1980.00,1485.00,990.00,862.37,860.54
4960,0.92,0.92,1.00,1.00,1.00,1.00,1.00,1.00,1.00,1.00,1.00,4960.00,4960.00,3968.00,3472.00,2976.00,2480.00,1984.00,1488.00,992.00,863.63,861.90
4970,0.92,0.92,1.00,1.00,1.00,1.00,1.00,1.00,1.00,1.00,1.00,4970.00,4970.00,3976.00,3479.00,2982.00,2485.00,1988.00,1491.00,994.00,865.71,863.89
4980,0.92,0.92,1.00,1.00,1.00,1.00,1.00,1.00,1.00,1.00,1.00,4980.00,4980.00,3984.00,3486.00,2988.00,2490.00,1992.00,1494.00,996.00,864.36,866.62
4990,0.92,0.92,1.00,1.00,1.00,1.00,1.00,1.00,1.00,1.00,1.00,4990.00,4990.00,3992.00,3493.00,2994.00,2495.00,1996.00,1497.00,998.00,867.53,866.74
5000,0.92,0.92,1.00,1.00,1.00,1.00,1.00,1.00,1.00,1.00,1.00,5000.00,5000.00,4000.00,3500.00,3000.00,2500.00,2000.00,1500.00,1000.00,870.03,868.70
